Serial Number,Date,Time,Temp Setpoint (C),Current Temp (C),Pressure Setpoint (psi g),Current Pressure (psi g),Pressure Output (%FS),Output Impedance (ohms),Temperature Output (C),Ratio Output (v/v),Supply Voltage (v),Sensor Current (A),Cable #,,Pressure Output (%FS)
E321,5/26/2025,7:12:08 PM,25,25,-1.25,-1.249026,10.19434375,0.025485,25.12,,3.300232,0.0044102,1_01,,-25475.62
E322,5/26/2025,7:12:18 PM,25,25,-1.25,-1.247974,9.993171875,0.010408,25.04,,3.300018,0.0044633,1_02,,-25604.37
E323,5/26/2025,7:12:28 PM,25,25,-1.25,-1.249745,9.831640625,0.031502,25.06,,3.300345,0.0043541,1_03,,-25707.75
E324,5/26/2025,7:12:38 PM,25,25,-1.25,-1.250447,9.97559375,0.01028,24.99,,3.300548,0.0043315,1_04,,-25615.62
E325,5/26/2025,7:12:48 PM,25,25,-1.25,-1.250237,9.986140625,0.008587,25.02,,3.300119,0.0044504,1_05,,-25608.87
E326,5/26/2025,7:12:58 PM,25,25,-1.25,-1.249076,10.0310625,0.01006,25.01,,3.300514,0.0043981,1_06,,-25580.12
E327,5/26/2025,7:13:08 PM,25,25,-1.25,-1.249884,9.97715625,0.029918,25.01,,3.300051,0.0043824,1_07,,-25614.62
E329,5/26/2025,7:13:28 PM,25,25,-1.25,-1.25016,9.983984375,0.004548,25.02,,3.286306,0.0043715,1_09,,-25610.25
E330,5/26/2025,7:13:38 PM,25,25,-1.25,-1.249386,9.85996875,0.006364,25.09,,3.30074,0.0043193,1_10,,-25689.62
E331,5/26/2025,7:13:48 PM,25,25,-1.25,-1.25013,9.95859375,0.001671,24.97,,3.29986,0.0043955,2_01,,-25626.5
E333,5/26/2025,7:14:08 PM,25,25,-1.25,-1.249582,10.02832813,0.004856,25.03,,3.300774,0.0043047,2_03,,-25581.87
E334,5/26/2025,7:14:18 PM,25,25,-1.25,-1.249916,9.955078125,0.009122,25.01,,3.300063,0.0044034,2_04,,-25628.75
E335,5/26/2025,7:14:28 PM,25,25,-1.25,-1.250246,9.86953125,0.006577,24.97,,3.29916,0.0044428,2_05,,-25683.5
E336,5/26/2025,7:14:38 PM,25,25,-1.25,-1.249278,9.99590625,0.005476,25.13,,3.299961,0.0044289,2_06,,-25602.62
E337,5/26/2025,7:14:48 PM,25,25,-1.25,-1.250229,10.04278125,0.001953,25.02,,3.299363,0.0044108,2_07,,-25572.62
E338,5/26/2025,7:15:18 PM,25,25,-1.25,-1.247559,72.4,0.011015,79.46,,3.300379,0.0045054,2_08,,14336
E339,5/26/2025,7:15:28 PM,25,25,-1.25,-1.248632,9.9296875,0.012061,25.03,,3.300029,0.0043791,2_09,,-25645
E340,5/26/2025,7:15:37 PM,25,25,-1.25,-1.249453,9.93125,0.005181,25.03,,3.300097,0.0043631,2_10,,-25644
E341,5/26/2025,7:15:47 PM,25,25,-1.25,-1.248659,9.81621875,0.053324,25,,3.300119,0.0044033,3_01,,-25717.62
E342,5/26/2025,7:15:57 PM,25,25,-1.25,-1.24746,10.01426563,0.058628,25.01,,3.300018,0.0044012,3_02,,-25590.87
E343,5/26/2025,7:16:07 PM,25,24.9,-1.25,-1.248045,9.921296875,0.060656,25.03,,3.299905,0.0044172,3_03,,-25650.37
E344,5/26/2025,7:16:17 PM,25,24.9,-1.25,-1.249476,9.815234375,0.036517,25.03,,3.300413,0.004393,3_04,,-25718.25
E345,5/26/2025,7:16:27 PM,25,24.9,-1.25,-1.248991,10.1498125,0.003183,24.95,,3.300322,0.004382,3_05,,-25504.12
E346,5/26/2025,7:16:37 PM,25,25,-1.25,-1.250532,10.91289063,0.00163,17.79,,3.21698,0.0167064,3_06,,-25015.75
E347,5/26/2025,7:16:47 PM,25,25,-1.25,-1.250446,9.92090625,0.002433,24.97,,3.300006,0.0044292,3_07,,-25650.62
E348,5/26/2025,7:16:57 PM,25,25,-1.25,-1.249519,9.975203125,-0.000044,24.96,,3.300604,0.0044031,3_08,,-25615.87
E349,5/26/2025,7:17:07 PM,25,25,-1.25,-1.249308,10.13398438,0.018628,25.01,,3.301,0.0043138,3_09,,-25514.25
E350,5/26/2025,7:17:17 PM,25,25,-1.25,-1.250321,10.24004688,0.003493,25.02,,3.300051,0.0044138,3_10,,-25446.37
E351,5/26/2025,7:17:27 PM,25,25,-1.25,-1.24994,9.93653125,0.008727,25.03,,3.299747,0.004397,4_01,,-25640.62
E352,5/26/2025,7:17:37 PM,25,25,-1.25,-1.249764,9.99375,0.005077,25.08,,3.300322,0.0044479,4_02,,-25604
E353,5/26/2025,7:17:47 PM,25,25,-1.25,-1.249629,9.971875,0.009839,25.07,,3.300909,0.0043521,4_03,,-25618
E354,5/26/2025,7:17:57 PM,25,25,-1.25,-1.249796,9.934578125,0.003869,25.54,,3.300853,0.0043638,4_04,,-25641.87
E355,5/26/2025,7:18:07 PM,25,25,-1.25,-1.248411,10.14609375,0.003474,25.09,,3.301191,0.0043098,4_05,,-25506.5
E356,5/26/2025,7:18:17 PM,25,25,-1.25,-1.250212,9.915046875,0.006236,25.03,,3.300311,0.0044087,4_06,,-25654.37
E321,5/26/2025,7:19:29 PM,25,25,-0.625,-0.625387,30.1373125,0.02381,25.15,,3.299724,0.0044454,1_01,,-12712.12
E322,5/26/2025,7:19:39 PM,25,25,-0.625,-0.625631,30.09765625,0.009204,25.05,,3.299453,0.0044973,1_02,,-12737.5
E323,5/26/2025,7:19:49 PM,25,25,-0.625,-0.6257,29.90801563,0.026442,25.08,,3.299747,0.0043901,1_03,,-12858.87
E324,5/26/2025,7:19:59 PM,25,25,-0.625,-0.624358,29.68085938,0.00931,25.01,,3.299848,0.0043685,1_04,,-13004.25
E325,5/26/2025,7:20:09 PM,25,25,-0.625,-0.625368,29.99903125,0.008786,25.01,,3.299544,0.0044904,1_05,,-12800.62
E326,5/26/2025,7:20:19 PM,25,25,-0.625,-0.624586,30.09960938,0.008146,25.01,,3.299657,0.0044357,1_06,,-12736.25
E327,5/26/2025,7:20:29 PM,25,25,-0.625,-0.624288,29.95957813,0.025738,25.04,,3.299668,0.0044211,1_07,,-12825.87
E329,5/26/2025,7:20:49 PM,25,25,-0.625,-0.623997,30.06015625,0.00525,25.01,,3.285279,0.0044089,1_09,,-12761.5
E330,5/26/2025,7:20:59 PM,25,25,-0.625,-0.622647,29.92226563,0.005711,25.08,,3.300142,0.004354,1_10,,-12849.75
E331,5/26/2025,7:21:09 PM,25,25,-0.625,-0.6244,30.05059375,0.002052,24.98,,3.298821,0.0044384,2_01,,-12767.62
E333,5/26/2025,7:21:29 PM,25,25,-0.625,-0.62525,29.95215625,0.004614,25.01,,3.30004,0.0043385,2_03,,-12830.62
E334,5/26/2025,7:21:39 PM,25,25,-0.625,-0.625397,30.00195313,0.007333,25.02,,3.299498,0.0044428,2_04,,-12798.75
E335,5/26/2025,7:21:49 PM,25,25,-0.625,-0.624272,29.91992188,0.005146,24.99,,3.298573,0.0044835,2_05,,-12851.25
E336,5/26/2025,7:21:59 PM,25,25,-0.625,-0.624583,29.93203125,0.004949,25.15,,3.299058,0.0044665,2_06,,-12843.5
E337,5/26/2025,7:22:09 PM,25,25,-0.625,-0.624291,29.9140625,0.001546,25.02,,3.299442,0.0044482,2_07,,-12855
E338,5/26/2025,7:22:19 PM,25,25,-0.625,-0.625314,29.8953125,0.019692,25.06,,3.299668,0.0043896,2_08,,-12867
E339,5/26/2025,7:22:29 PM,25,25.1,-0.625,-0.625646,29.94179688,0.011484,25.02,,3.299216,0.0044143,2_09,,-12837.25
E340,5/26/2025,7:22:39 PM,25,25.1,-0.625,-0.624362,29.91817188,0.005485,25.03,,3.299611,0.0043987,2_10,,-12852.37
E341,5/26/2025,7:22:48 PM,25,25,-0.625,-0.624054,29.85489063,0.046834,25.01,,3.300018,0.0044392,3_01,,-12892.87
E342,5/26/2025,7:22:58 PM,25,25,-0.625,-0.624113,30.06973438,0.053113,25.01,,3.299815,0.0044399,3_02,,-12755.37
E343,5/26/2025,7:23:08 PM,25,25,-0.625,-0.623624,29.89707813,0.053423,25.02,,3.299634,0.0044537,3_03,,-12865.87
E344,5/26/2025,7:23:18 PM,25,25,-0.625,-0.624566,29.88653125,0.033283,25.02,,3.299724,0.004428,3_04,,-12872.62
E345,5/26/2025,7:23:28 PM,25,25,-0.625,-0.62478,30.06035938,0.002917,24.96,,3.300029,0.0044175,3_05,,-12761.37
E346,5/26/2025,7:23:38 PM,25,25,-0.625,-0.625893,30.82715625,0.001139,17.8,,3.217658,0.0167409,3_06,,-12270.62
E347,5/26/2025,7:23:48 PM,25,25,-0.625,-0.623725,30.11875,0.001949,24.98,,3.299307,0.0044674,3_07,,-12724
E348,5/26/2025,7:23:58 PM,25,25,-0.625,-0.624918,29.95879688,0.000092,24.98,,3.299792,0.0044381,3_08,,-12826.37
E349,5/26/2025,7:24:08 PM,25,24.9,-0.625,-0.623957,30.1045,0.015187,25.02,,3.300176,0.0043472,3_09,,-12733.12
E350,5/26/2025,7:24:18 PM,25,24.9,-0.625,-0.623559,29.9703125,0.003351,25.04,,3.299668,0.0044478,3_10,,-12819
E351,5/26/2025,7:24:28 PM,25,24.9,-0.625,-0.625365,29.84570313,0.006921,25.04,,3.299758,0.004438,4_01,,-12898.75
E352,5/26/2025,7:24:38 PM,25,24.9,-0.625,-0.624438,29.913875,0.004884,25.09,,3.299386,0.0044869,4_02,,-12855.12
E353,5/26/2025,7:24:48 PM,25,24.9,-0.625,-0.623307,30.03632813,0.008205,25.1,,3.300266,0.0043874,4_03,,-12776.75
E354,5/26/2025,7:24:58 PM,25,25,-0.625,-0.623888,29.81679688,0.004116,25.54,,3.300198,0.0043986,4_04,,-12917.25
E355,5/26/2025,7:25:08 PM,25,25,-0.625,-0.62524,30.0966875,0.002088,25.09,,3.300492,0.0043419,4_05,,-12738.12
E356,5/26/2025,7:25:18 PM,25,25,-0.625,-0.625641,30.0796875,0.004909,25.05,,3.299747,0.0044471,4_06,,-12749
E321,5/26/2025,7:26:27 PM,25,25,0,-0.001918,50.1376875,0.020309,25.13,,3.29951,0.0044513,1_01,,88.12
E322,5/26/2025,7:26:37 PM,25,25,0,0.001025,50.0533125,0.007932,25.04,,3.299239,0.004505,1_02,,34.12
E323,5/26/2025,7:26:47 PM,25,25,0,0.001417,49.80976563,0.024251,25.05,,3.299905,0.0043984,1_03,,-121.75
E324,5/26/2025,7:26:57 PM,25,25,0,0.000124,49.77910938,0.009385,24.99,,3.300492,0.0043773,1_04,,-141.37
E325,5/26/2025,7:27:07 PM,25,25,0,0.000365,49.92929688,0.006418,25.01,,3.299521,0.0044984,1_05,,-45.25
E326,5/26/2025,7:27:17 PM,25,25,0,0.001133,49.95820313,0.008195,25,,3.299724,0.004444,1_06,,-26.75
E327,5/26/2025,7:27:27 PM,25,25,0,-0.000464,50.00721875,0.024328,25.04,,3.299408,0.0044323,1_07,,4.62
E329,5/26/2025,7:27:47 PM,25,25,0,-0.000116,49.93242188,0.003669,25.01,,3.285561,0.0044187,1_09,,-43.25
E330,5/26/2025,7:27:57 PM,25,25,0,0.0013,49.875,0.005373,25.08,,3.29995,0.0043629,1_10,,-80
E331,5/26/2025,7:28:07 PM,25,25,0,0.000892,49.96660938,0.001603,24.97,,3.299025,0.0044467,2_01,,-21.37
E333,5/26/2025,7:28:27 PM,25,25,0,-0.000691,49.8154375,0.004492,25.02,,3.300277,0.004348,2_03,,-118.12
E334,5/26/2025,7:28:37 PM,25,25,0,0.001145,49.96270313,0.007058,25,,3.299679,0.0044521,2_04,,-23.87
E335,5/26/2025,7:28:47 PM,25,25,0,0.000907,49.91114063,0.00408,24.97,,3.298686,0.0044918,2_05,,-56.87
E336,5/26/2025,7:28:57 PM,25,25,0,0.000426,49.8591875,0.004895,25.15,,3.298833,0.0044759,2_06,,-90.12
E337,5/26/2025,7:29:07 PM,25,25,0,0.002268,49.96289063,0.001994,24.98,,3.299183,0.0044582,2_07,,-23.75
E338,5/26/2025,7:29:17 PM,25,25,0,0.000363,49.87617188,0.017229,25.05,,3.299465,0.0043988,2_08,,-79.25
E339,5/26/2025,7:29:27 PM,25,25,0,-0.000025,49.9998125,0.010605,24.99,,3.299634,0.0044221,2_09,,-0.12
E340,5/26/2025,7:29:37 PM,25,25,0,0.001524,50.01445313,0.004571,25,,3.299577,0.0044068,2_10,,9.25
E341,5/26/2025,7:29:47 PM,25,25,0,0.00102,49.91992188,0.041298,24.97,,3.299623,0.004449,3_01,,-51.25
E342,5/26/2025,7:29:57 PM,25,25,0,0.000142,50.1595625,0.044623,25.01,,3.299555,0.0044505,3_02,,102.12
E343,5/26/2025,7:30:06 PM,25,25,0,-0.000027,49.96504688,0.047217,25.03,,3.299521,0.0044639,3_03,,-22.37
E344,5/26/2025,7:30:16 PM,25,25,0,-0.000064,49.8779375,0.029415,25.02,,3.299724,0.0044364,3_04,,-78.12
E345,5/26/2025,7:30:26 PM,25,25,0,-0.001107,49.93028125,0.003622,24.98,,3.300153,0.0044247,3_05,,-44.62
E346,5/26/2025,7:30:36 PM,25,25,0,0.000336,50.61346875,0.000512,17.79,,3.217353,0.0167507,3_06,,392.62
E347,5/26/2025,7:30:46 PM,25,25,0,0.002249,49.99960938,0.005703,24.96,,3.29872,0.0044749,3_07,,-0.25
E348,5/26/2025,7:30:56 PM,25,25,0,-0.000706,49.70410938,-0.000384,24.96,,3.299927,0.0044462,3_08,,-189.37
E349,5/26/2025,7:31:06 PM,25,25,0,-0.000006,50.15976563,0.012295,25.04,,3.300435,0.0043551,3_09,,102.25
E350,5/26/2025,7:31:16 PM,25,25,0,0.00146,50.03554688,0.003148,25.04,,3.299453,0.0044579,3_10,,22.75
E351,5/26/2025,7:31:26 PM,25,25,0,-0.000443,49.83046875,0.006941,25.05,,3.299295,0.0044485,4_01,,-108.5
E352,5/26/2025,7:31:36 PM,25,25,0,0.003289,49.71328125,0.003957,25.09,,3.299216,0.0044976,4_02,,-183.5
E353,5/26/2025,7:31:46 PM,25,25,0,0.000286,50.0751875,0.009222,25.1,,3.300051,0.0043963,4_03,,48.12
E354,5/26/2025,7:31:56 PM,25,25,0,0.000518,49.91817188,0.00391,25.53,,3.300334,0.0044078,4_04,,-52.37
E355,5/26/2025,7:32:06 PM,25,25,0,-0.000028,50.11796875,0.00227,25.09,,3.300469,0.0043496,4_05,,75.5
E356,5/26/2025,7:32:16 PM,25,25,0,0.001246,49.73164063,0.004681,25.05,,3.299984,0.0044558,4_06,,-171.75
E321,5/26/2025,7:33:19 PM,25,25,0.625,0.624897,70.09921875,0.018826,25.13,,3.299589,0.0044484,1_01,,12863.5
E322,5/26/2025,7:33:28 PM,25,25,0.625,0.625699,70.00526563,0.00731,25.03,,3.29907,0.0044968,1_02,,12803.37
E323,5/26/2025,7:33:38 PM,25,25,0.625,0.625706,69.81835938,0.020166,25.06,,3.299498,0.0043915,1_03,,12683.75
E324,5/26/2025,7:33:48 PM,25,25,0.625,0.625003,69.87578125,0.008652,24.99,,3.299758,0.0043713,1_04,,12720.5
E325,5/26/2025,7:33:58 PM,25,25,0.625,0.624829,70.0421875,0.005627,24.99,,3.299532,0.0044926,1_05,,12827
E326,5/26/2025,7:34:08 PM,25,25,0.625,0.626567,70.09257813,0.006543,24.96,,3.299431,0.0044387,1_06,,12859.25
E327,5/26/2025,7:34:18 PM,25,25,0.625,0.626145,70.02148438,0.02078,25.02,,3.299273,0.0044288,1_07,,12813.75
E329,5/26/2025,7:34:38 PM,25,25,0.625,0.625573,69.8251875,0.004853,24.99,,3.285268,0.0044125,1_09,,12688.12
E330,5/26/2025,7:34:48 PM,25,25,0.625,0.625646,69.94335938,0.004358,25.08,,3.29969,0.004354,1_10,,12763.75
E331,5/26/2025,7:34:58 PM,25,25,0.625,0.624512,70.02128125,0.000863,24.97,,3.299205,0.004442,2_01,,12813.62
E333,5/26/2025,7:35:18 PM,25,25,0.625,0.625796,69.92734375,0.002873,25.01,,3.300345,0.0043414,2_03,,12753.5
E334,5/26/2025,7:35:28 PM,25,25,0.625,0.627163,69.88221875,0.004893,25,,3.299634,0.0044499,2_04,,12724.62
E335,5/26/2025,7:35:38 PM,25,25,0.625,0.625865,69.84179688,0.004109,24.95,,3.298686,0.004486,2_05,,12698.75
E336,5/26/2025,7:35:48 PM,25,25,0.625,0.62579,69.892375,0.002608,25.14,,3.299329,0.0044712,2_06,,12731.12
E337,5/26/2025,7:35:58 PM,25,25,0.625,0.626953,69.97226563,0.001595,24.98,,3.299137,0.0044525,2_07,,12782.25
E338,5/26/2025,7:36:08 PM,25,25,0.625,0.626548,69.93964063,0.016302,25.04,,3.300108,0.0043941,2_08,,12761.37
E339,5/26/2025,7:36:18 PM,25,25,0.625,0.626904,70.03945313,0.010208,24.99,,3.299781,0.0044168,2_09,,12825.25
E340,5/26/2025,7:36:28 PM,25,25,0.625,0.626052,70.0546875,0.003834,24.99,,3.299724,0.0043995,2_10,,12835
E341,5/26/2025,7:36:38 PM,25,25,0.625,0.625559,69.99901563,0.036756,24.98,,3.299239,0.0044429,3_01,,12799.37
E342,5/26/2025,7:36:48 PM,25,25,0.625,0.626455,70.0720625,0.039499,25,,3.299453,0.0044464,3_02,,12846.12
E343,5/26/2025,7:36:58 PM,25,25,0.625,0.625428,70.05760938,0.042855,25.02,,3.299894,0.0044589,3_03,,12836.87
E344,5/26/2025,7:37:08 PM,25,25,0.625,0.624671,69.94003125,0.02466,24.99,,3.300074,0.0044277,3_04,,12761.62
E345,5/26/2025,7:37:18 PM,25,25,0.625,0.625945,69.82167188,0.003158,24.97,,3.300187,0.0044183,3_05,,12685.87
E346,5/26/2025,7:37:28 PM,25,25,0.625,0.625875,70.59901563,0.001429,17.75,,3.217545,0.0167499,3_06,,13183.37
E347,5/26/2025,7:37:38 PM,25,25,0.625,0.624351,70.04296875,0.004596,24.96,,3.299295,0.0044689,3_07,,12827.5
E348,5/26/2025,7:37:48 PM,25,25,0.625,0.625599,69.87851563,0.000044,24.95,,3.299916,0.0044406,3_08,,12722.25
E349,5/26/2025,7:37:58 PM,25,25,0.625,0.626724,70.10135938,0.00834,25.05,,3.300695,0.0043514,3_09,,12864.87
E350,5/26/2025,7:38:08 PM,25,25,0.625,0.625538,70.071875,0.004124,25.05,,3.29951,0.0044526,3_10,,12846
E351,5/26/2025,7:38:18 PM,25,25,0.625,0.625718,69.88065625,0.009182,25.03,,3.29942,0.0044439,4_01,,12723.62
E352,5/26/2025,7:38:28 PM,25,25,0.625,0.625074,69.9421875,0.004935,25.08,,3.299228,0.0044928,4_02,,12763
E353,5/26/2025,7:38:38 PM,25,25,0.625,0.627597,69.89120313,0.008196,25.12,,3.300164,0.004391,4_03,,12730.37
E354,5/26/2025,7:38:48 PM,25,25,0.625,0.626849,70,0.004095,25.52,,3.300153,0.0044013,4_04,,12800
E355,5/26/2025,7:38:58 PM,25,25,0.625,0.625879,70.0140625,0.002127,25.08,,3.30048,0.004343,4_05,,12809
E356,5/26/2025,7:39:08 PM,25,25,0.625,0.624626,70.00214063,0.005008,25.06,,3.29907,0.0044476,4_06,,12801.37
E321,5/26/2025,7:40:15 PM,25,25,1.25,1.250174,90.17909375,0.018568,25.14,,3.299668,0.0044281,1_01,,25714.62
E322,5/26/2025,7:40:24 PM,25,25,1.25,1.253345,89.79589063,0.007569,25.02,,3.299329,0.0044794,1_02,,25469.37
E323,5/26/2025,7:40:34 PM,25,25,1.25,1.249792,89.85820313,0.017898,25.05,,3.299905,0.0043744,1_03,,25509.25
E324,5/26/2025,7:40:44 PM,25,25,1.25,1.25033,89.925,0.006801,25.01,,3.299532,0.0043523,1_04,,25552
E325,5/26/2025,7:40:54 PM,25,25,1.25,1.251736,89.90839063,0.005126,24.99,,3.29942,0.0044744,1_05,,25541.37
E326,5/26/2025,7:41:04 PM,25,25,1.25,1.250242,89.89432813,0.004578,24.97,,3.300051,0.0044199,1_06,,25532.37
E327,5/26/2025,7:41:14 PM,25,25,1.25,1.249315,89.96854688,0.018041,25.03,,3.299645,0.0044128,1_07,,25579.87
E329,5/26/2025,7:41:35 PM,25,25,1.25,1.251961,89.85096875,0.003677,24.98,,3.285031,0.0043961,1_09,,25504.62
E330,5/26/2025,7:41:44 PM,25,25,1.25,1.251875,89.90526563,0.004206,25.07,,3.299386,0.0043365,1_10,,25539.37
E331,5/26/2025,7:41:54 PM,25,25,1.25,1.251298,89.9283125,0.0007,24.96,,3.299081,0.0044242,2_01,,25554.12
E333,5/26/2025,7:42:14 PM,25,25,1.25,1.252201,89.88320313,0.002638,24.99,,3.30004,0.0043254,2_03,,25525.25
E334,5/26/2025,7:42:24 PM,25,25,1.25,1.250179,89.94101563,0.00457,25,,3.299995,0.0044347,2_04,,25562.25
E335,5/26/2025,7:42:34 PM,25,24.9,1.25,1.250804,89.90135938,0.003423,24.93,,3.298359,0.0044693,2_05,,25536.87
E336,5/26/2025,7:42:44 PM,25,24.9,1.25,1.25213,89.9783125,0.00239,25.12,,3.2996,0.0044545,2_06,,25586.12
E337,5/26/2025,7:42:54 PM,25,24.9,1.25,1.25013,90.07635938,0.002357,24.97,,3.298991,0.0044347,2_07,,25648.87
E338,5/26/2025,7:43:04 PM,25,24.9,1.25,1.250516,89.998625,0.01416,25.02,,3.299916,0.0043792,2_08,,25599.12
E339,5/26/2025,7:43:14 PM,25,24.9,1.25,1.250886,89.89276563,0.009263,24.98,,3.299882,0.0043995,2_09,,25531.37
E340,5/26/2025,7:43:24 PM,25,24.9,1.25,1.251003,89.98690625,0.003,24.98,,3.299961,0.0043817,2_10,,25591.62
E341,5/26/2025,7:43:34 PM,25,25,1.25,1.251966,89.91971875,0.031081,24.96,,3.300221,0.004426,3_01,,25548.62
E342,5/26/2025,7:43:44 PM,25,25,1.25,1.249663,89.95175,0.033471,24.97,,3.300063,0.004429,3_02,,25569.12
E343,5/26/2025,7:43:54 PM,25,25,1.25,1.250346,90.02401563,0.037071,24.99,,3.300051,0.0044425,3_03,,25615.37
E344,5/26/2025,7:44:04 PM,25,25,1.25,1.250578,89.95057813,0.021377,24.98,,3.300401,0.0044087,3_04,,25568.37
E345,5/26/2025,7:44:14 PM,25,25,1.25,1.251401,89.99198438,0.002365,24.96,,3.300243,0.0043992,3_05,,25594.87
E346,5/26/2025,7:44:24 PM,25,25,1.25,1.250942,90.31698438,0.002225,17.75,,3.218075,0.0167342,3_06,,25802.87
E347,5/26/2025,7:44:34 PM,25,25,1.25,1.25064,90.09882813,0.004562,24.94,,3.298923,0.0044501,3_07,,25663.25
E348,5/26/2025,7:44:44 PM,25,25,1.25,1.250541,90.36875,-0.000008,24.96,,3.30004,0.0044229,3_08,,25836
E349,5/26/2025,7:44:54 PM,25,25,1.25,1.253956,89.98221875,0.005559,25.02,,3.300683,0.0043348,3_09,,25588.62
E350,5/26/2025,7:45:04 PM,25,25,1.25,1.251401,90.21542188,0.00291,25.04,,3.299611,0.0044355,3_10,,25737.87
E351,5/26/2025,7:45:14 PM,25,25,1.25,1.249391,90.13339063,0.007135,25.05,,3.300085,0.004427,4_01,,25685.37
E352,5/26/2025,7:45:24 PM,25,25.1,1.25,1.25137,89.9470625,0.004793,25.09,,3.300018,0.0044777,4_02,,25566.12
E353,5/26/2025,7:45:34 PM,25,25.1,1.25,1.251188,89.98221875,0.009188,25.1,,3.300435,0.004374,4_03,,25588.62
E354,5/26/2025,7:45:44 PM,25,25.1,1.25,1.249725,89.91367188,0.003031,25.52,,3.30039,0.0043848,4_04,,25544.75
E355,5/26/2025,7:45:54 PM,25,25,1.25,1.250583,89.95859375,0.002853,25.05,,3.301011,0.0043255,4_05,,25573.5
E356,5/26/2025,7:46:19 PM,25,25,1.25,1.24912,72.4,0.004016,79.46,,3.299984,0.0046212,4_06,,14336
E321,5/26/2025,7:47:19 PM,25,25,0,-0.000054,50.11307813,0.015532,25.12,,3.299498,0.0044509,1_01,,72.37
E322,5/26/2025,7:47:29 PM,25,25,0,0.000587,50.05175,0.005457,25.04,,3.299442,0.0045054,1_02,,33.12
E323,5/26/2025,7:47:39 PM,25,25,0,0.000994,49.8435625,0.015425,25.04,,3.299927,0.0043996,1_03,,-100.12
E324,5/26/2025,7:47:49 PM,25,25,0,0.000604,49.68867188,0.00555,25,,3.30004,0.0043773,1_04,,-199.25
E325,5/26/2025,7:47:59 PM,25,25,0,0.001427,49.93867188,0.005036,25,,3.299386,0.0044992,1_05,,-39.25
E326,5/26/2025,7:48:09 PM,25,25,0,0.000477,50.15039063,0.005418,24.99,,3.299702,0.0044448,1_06,,96.25
E327,5/26/2025,7:48:19 PM,25,25,0,0.000328,50.04589063,0.015823,25.05,,3.299386,0.0044327,1_07,,29.37
E329,5/26/2025,7:48:39 PM,25,25,0,-0.000018,49.97578125,0.003528,25,,3.285606,0.0044182,1_09,,-15.5
E330,5/26/2025,7:48:49 PM,25,25,0,0.000138,49.98789063,0.004523,25.07,,3.300221,0.0043614,1_10,,-7.75
E331,5/26/2025,7:48:59 PM,25,25,0,0.001517,49.99335938,0.000786,24.94,,3.299137,0.0044474,2_01,,-4.25
E333,5/26/2025,7:49:19 PM,25,25,0,0.000971,49.86817188,0.003044,25.01,,3.29986,0.0043477,2_03,,-84.37
E334,5/26/2025,7:49:29 PM,25,25,0,0.001658,49.91953125,0.003976,25.01,,3.299183,0.0044531,2_04,,-51.5
E335,5/26/2025,7:49:39 PM,25,25,0,0.001375,49.78496875,0.003457,24.97,,3.29872,0.0044912,2_05,,-137.62
E336,5/26/2025,7:49:49 PM,25,25,0,0.000638,49.88398438,0.003339,25.14,,3.297795,0.0044761,2_06,,-74.25
E337,5/26/2025,7:49:59 PM,25,25,0,0.000899,49.96739063,0.002328,24.97,,3.297535,0.0044579,2_07,,-20.87
E338,5/26/2025,7:50:09 PM,25,25,0,0.00078,49.94864063,0.01331,25.03,,3.297941,0.0043979,2_08,,-32.87
E339,5/26/2025,7:50:19 PM,25,25,0,0.000653,50.03221875,0.008215,24.97,,3.298065,0.0044232,2_09,,20.62
E340,5/26/2025,7:50:29 PM,25,25,0,0.001048,49.93223438,0.003342,24.99,,3.298099,0.0044069,2_10,,-43.37
E341,5/26/2025,7:50:39 PM,25,25,0,0.000896,49.9421875,0.02883,24.96,,3.298201,0.004448,3_01,,-37
E342,5/26/2025,7:50:49 PM,25,25,0,0.00138,50.11289063,0.031296,24.98,,3.298212,0.0044495,3_02,,72.25
E343,5/26/2025,7:50:59 PM,25,25,0,0.000252,50.03495313,0.034362,25,,3.298212,0.0044637,3_03,,22.37
E344,5/26/2025,7:51:08 PM,25,25,0,0.001054,49.84296875,0.019327,24.99,,3.298426,0.0044361,3_04,,-100.5
E345,5/26/2025,7:51:18 PM,25,25,0,0.000269,49.95976563,0.001868,24.97,,3.297772,0.0044243,3_05,,-25.75
E346,5/26/2025,7:51:28 PM,25,25,0,0.001385,50.2033125,0.000801,24.21,,3.142825,0.0278941,3_06,,130.12
E347,5/26/2025,7:51:38 PM,25,25,0,-0.001545,49.98085938,0.026982,24.97,,3.297591,0.0044743,3_07,,-12.25
E348,5/26/2025,7:51:48 PM,25,25,0,-0.001453,49.7921875,-0.000208,24.96,,3.298393,0.0044472,3_08,,-133
E349,5/26/2025,7:51:58 PM,25,25,0,-0.001994,50.34120313,0.005061,25.06,,3.298381,0.0043559,3_09,,218.37
E350,5/26/2025,7:52:08 PM,25,25,0,0.000435,50.05820313,0.003413,25.04,,3.297727,0.0044583,3_10,,37.25
E351,5/26/2025,7:52:18 PM,25,25,0,0.000855,49.87929688,0.007198,25.06,,3.298088,0.0044478,4_01,,-77.25
E352,5/26/2025,7:52:28 PM,25,25,0,-0.000629,49.90879688,0.004322,25.07,,3.29784,0.0044979,4_02,,-58.37
E353,5/26/2025,7:52:38 PM,25,25,0,0.001306,49.9296875,0.008056,25.11,,3.29828,0.0043973,4_03,,-45
E354,5/26/2025,7:52:48 PM,25,25,0,0.001757,50.046875,0.002939,25.49,,3.298009,0.0044061,4_04,,30
E355,5/26/2025,7:52:58 PM,25,25,0,0.000185,50.12617188,0.002384,25.08,,3.298686,0.0043506,4_05,,80.75
E356,5/26/2025,7:53:08 PM,25,25,0,-0.000025,49.97421875,0.00469,25.05,,3.298144,0.004455,4_06,,-16.5
E321,5/26/2025,7:54:07 PM,25,25,-1.25,-1.250613,10.09864063,0.015127,25.1,,3.297941,0.0044103,1_01,,-25536.87
E322,5/26/2025,7:54:17 PM,25,25,-1.25,-1.249946,10.06660938,0.005187,25.01,,3.297907,0.0044631,1_02,,-25557.37
E323,5/26/2025,7:54:27 PM,25,25,-1.25,-1.250317,9.994921875,0.012493,25,,3.29881,0.0043557,1_03,,-25603.25
E324,5/26/2025,7:54:37 PM,25,25,-1.25,-1.250728,9.95859375,0.005021,24.98,,3.29907,0.0043315,1_04,,-25626.5
E325,5/26/2025,7:54:47 PM,25,25,-1.25,-1.250564,10.03926563,0.004797,24.97,,3.298336,0.0044504,1_05,,-25574.87
E326,5/26/2025,7:54:57 PM,25,25,-1.25,-1.249997,10.07598438,0.004235,24.95,,3.29837,0.004398,1_06,,-25551.37
E327,5/26/2025,7:55:07 PM,25,25,-1.25,-1.248581,9.990046875,0.014331,24.98,,3.298675,0.0043822,1_07,,-25606.37
E329,5/26/2025,7:55:27 PM,25,25,-1.25,-1.249992,9.886921875,0.003651,24.96,,3.284241,0.0043715,1_09,,-25672.37
E330,5/26/2025,7:55:37 PM,25,25,-1.25,-1.248776,9.96328125,0.002644,25.03,,3.299036,0.0043195,1_10,,-25623.5
E331,5/26/2025,7:55:47 PM,25,25,-1.25,-1.250805,10.05,0.001598,24.9,,3.297941,0.0043957,2_01,,-25568
E333,5/26/2025,7:56:08 PM,25,25,-1.25,-1.247817,10.020125,0.002728,24.94,,3.298821,0.0043042,2_03,,-25587.12
E334,5/26/2025,7:56:17 PM,25,25,-1.25,-1.248829,9.896296875,0.004116,24.95,,3.298426,0.0044034,2_04,,-25666.37
E335,5/26/2025,7:56:27 PM,25,25,-1.25,-1.251117,10.00429688,0.003097,24.9,,3.297388,0.0044426,2_05,,-25597.25
E336,5/26/2025,7:56:37 PM,25,25,-1.25,-1.249096,9.87265625,0.002942,25.09,,3.298528,0.0044284,2_06,,-25681.5
E337,5/26/2025,7:56:47 PM,25,25,-1.25,-1.250167,9.961140625,0.001416,24.92,,3.298381,0.0044113,2_07,,-25624.87
E338,5/26/2025,7:56:57 PM,25,25,-1.25,-1.249406,9.885359375,0.012442,25,,3.298731,0.0043541,2_08,,-25673.37
E339,5/26/2025,7:57:07 PM,25,24.9,-1.25,-1.250358,10.015625,0.008109,24.94,,3.298663,0.00438,2_09,,-25590
E340,5/26/2025,7:57:17 PM,25,24.9,-1.25,-1.249,9.86484375,0.003334,24.91,,3.298618,0.0043629,2_10,,-25686.5
E341,5/26/2025,7:57:27 PM,25,24.9,-1.25,-1.249912,10.00801563,0.026068,24.93,,3.298821,0.0044028,3_01,,-25594.87
E342,5/26/2025,7:57:37 PM,25,25,-1.25,-1.249067,10.08359375,0.029425,24.92,,3.2989,0.0044017,3_02,,-25546.5
E343,5/26/2025,7:57:47 PM,25,25,-1.25,-1.248531,10.01660938,0.032634,24.96,,3.298912,0.0044187,3_03,,-25589.37
E344,5/26/2025,7:57:57 PM,25,25,-1.25,-1.247933,9.80703125,0.01857,24.96,,3.298788,0.0043935,3_04,,-25723.5
E345,5/26/2025,7:58:07 PM,25,25,-1.25,-1.24828,10.14375,0.001963,24.96,,3.298607,0.004382,3_05,,-25508
E346,5/26/2025,7:58:17 PM,25,25,-1.25,-1.249421,10.07382813,0.001037,24.2,,3.143773,0.0278572,3_06,,-25552.75
E347,5/26/2025,7:58:27 PM,25,25,-1.25,-1.248178,9.976375,0.04209,24.95,,3.298099,0.00443,3_07,,-25615.12
E348,5/26/2025,7:58:37 PM,25,25,-1.25,-1.250163,9.950390625,-0.000028,24.96,,3.298855,0.0044022,3_08,,-25631.75
E349,5/26/2025,7:58:47 PM,25,25,-1.25,-1.2472,10.03984375,0.005272,25.01,,3.299532,0.0043137,3_09,,-25574.5
E350,5/26/2025,7:58:57 PM,25,25,-1.25,-1.249585,10.3154375,0.00315,24.99,,3.298178,0.0044136,3_10,,-25398.12
E351,5/26/2025,7:59:07 PM,25,25,-1.25,-1.247579,10.04375,0.007639,25.02,,3.298663,0.0043986,4_01,,-25572
E352,5/26/2025,7:59:17 PM,25,25,-1.25,-1.248654,9.93809375,0.003783,25.03,,3.298731,0.0044484,4_02,,-25639.62
E353,5/26/2025,7:59:27 PM,25,25,-1.25,-1.247874,10.0591875,0.008899,25.09,,3.299352,0.004353,4_03,,-25562.12
E354,5/26/2025,7:59:37 PM,25,25,-1.25,-1.250696,9.983796875,0.003672,25.46,,3.299239,0.0043635,4_04,,-25610.37
E355,5/26/2025,7:59:47 PM,25,25,-1.25,-1.250255,10.07715625,0.00272,25.06,,3.299589,0.0043086,4_05,,-25550.62
E356,5/26/2025,7:59:57 PM,25,25,-1.25,-1.249639,9.774421875,0.005391,24.99,,3.298562,0.0044084,4_06,,-25744.37
E321,5/26/2025,9:00:15 PM,-20,-20,-1.25,-1.250105,11.20742188,0.000346,-20.94,,3.300492,0.0044236,1_01,,-24827.25
E322,5/26/2025,9:00:25 PM,-20,-20,-1.25,-1.249814,12.57265625,0.000583,-21.21,,3.300808,0.0044813,1_02,,-23953.5
E323,5/26/2025,9:00:35 PM,-20,-20.1,-1.25,-1.249186,12.2,0.000311,-20.97,,3.30127,0.0043671,1_03,,-24192
E324,5/26/2025,9:00:45 PM,-20,-20,-1.25,-1.250749,9.3295,0.00019,-21.29,,3.301767,0.0043374,1_04,,-26029.12
E325,5/26/2025,9:00:55 PM,-20,-20,-1.25,-1.249646,13.36973438,0.000717,-21.31,,3.300853,0.0044647,1_05,,-23443.37
E326,5/26/2025,9:01:05 PM,-20,-20,-1.25,-1.249833,9.740046875,0.000536,-21.22,,3.301225,0.0044021,1_06,,-25766.37
E327,5/26/2025,9:01:15 PM,-20,-19.9,-1.25,-1.248825,11.0045,0.00043,-21.19,,3.301293,0.0043964,1_07,,-24957.12
E329,5/26/2025,9:01:35 PM,-20,-20,-1.25,-1.250116,10.46075,-0.000598,-21.35,,3.229575,0.0043746,1_09,,-25305.12
E330,5/26/2025,9:01:45 PM,-20,-19.9,-1.25,-1.249861,12.82364063,0.00012,-21.11,,3.301744,0.0043286,1_10,,-23792.87
E331,5/26/2025,9:01:55 PM,-20,-20,-1.25,-1.249481,11.99453125,-0.000328,-21.39,,3.300864,0.0044031,2_01,,-24323.5
E333,5/26/2025,9:02:15 PM,-20,-20,-1.25,-1.250066,9.845125,0.000248,-21.35,,3.301598,0.0043006,2_03,,-25699.12
E334,5/26/2025,9:02:25 PM,-20,-20,-1.25,-1.249599,10.63828125,-0.000289,-21.43,,3.301033,0.0044174,2_04,,-25191.5
E335,5/26/2025,9:02:35 PM,-20,-20,-1.25,-1.249603,9.5078125,-0.00011,-21.53,,3.3003,0.0044438,2_05,,-25915
E336,5/26/2025,9:02:45 PM,-20,-20.1,-1.25,-1.250172,10.72773438,-0.000571,-21.35,,3.301022,0.0044423,2_06,,-25134.25
E337,5/26/2025,9:02:55 PM,-20,-20.1,-1.25,-1.25054,12.0248125,-0.000634,-21.63,,3.300729,0.0044299,2_07,,-24304.12
E338,5/26/2025,9:03:05 PM,-20,-20.1,-1.25,-1.24964,9.8484375,-0.000172,-21.61,,3.301372,0.0043547,2_08,,-25697
E339,5/26/2025,9:03:15 PM,-20,-20,-1.25,-1.249679,8.25684375,-0.00006,-21.71,,3.301361,0.0043703,2_09,,-26715.62
E340,5/26/2025,9:03:25 PM,-20,-20,-1.25,-1.249876,8.734578125,0.000115,-21.74,,3.301338,0.0043566,2_10,,-26409.87
E341,5/26/2025,9:03:35 PM,-20,-20,-1.25,-1.249769,11.81992188,0.000384,-21.65,,3.301293,0.0044219,3_01,,-24435.25
E342,5/26/2025,9:03:45 PM,-20,-20,-1.25,-1.249956,14.71367188,-0.000214,-21.88,,3.301293,0.0044249,3_02,,-22583.25
E343,5/26/2025,9:03:55 PM,-20,-19.9,-1.25,-1.249733,9.8765625,0.000092,-21.66,,3.301248,0.0044288,3_03,,-25679
E344,5/26/2025,9:04:05 PM,-20,-20,-1.25,-1.249271,7.082625,0.000045,-21.7,,3.301643,0.0043772,3_04,,-27467.12
E345,5/26/2025,9:04:15 PM,-20,-20,-1.25,-1.249912,10.0748125,0.000003,-21.18,,3.301304,0.0043995,3_05,,-25552.12
E346,5/26/2025,9:04:25 PM,-20,-20,-1.25,-1.249973,11.25528125,-0.000214,-21.44,,3.132905,0.0301378,3_06,,-24796.62
E347,5/26/2025,9:04:35 PM,-20,-20,-1.25,-1.249444,13.75254688,-0.000254,-21.15,,3.300525,0.0044524,3_07,,-23198.37
E348,5/26/2025,9:04:45 PM,-20,-20.1,-1.25,-1.249005,12.74746875,0.000362,-21.17,,3.301394,0.0044157,3_08,,-23841.62
E349,5/26/2025,9:04:55 PM,-20,-20.1,-1.25,-1.25082,12.61465625,0.000474,-21.28,,3.30206,0.0043199,3_09,,-23926.62
E350,5/26/2025,9:05:05 PM,-20,-20,-1.25,-1.25081,13.80410938,0.000337,-21.25,,3.300842,0.0044376,3_10,,-23165.37
E351,5/26/2025,9:05:15 PM,-20,-20,-1.25,-1.249939,11.638875,0.000151,-21.25,,3.301101,0.0044142,4_01,,-24551.12
E352,5/26/2025,9:05:25 PM,-20,-20,-1.25,-1.249313,10.50254688,0.000359,-21.17,,3.301079,0.0044692,4_02,,-25278.37
E353,5/26/2025,9:05:35 PM,-20,-20,-1.25,-1.250702,-1.2,0.000135,-21.24,,3.30355,0.0040582,4_03,,-32768
E354,5/26/2025,9:05:45 PM,-20,-20,-1.25,-1.249698,10.99960938,-0.000002,-20.53,,3.301553,0.0043704,4_04,,-24960.25
E355,5/26/2025,9:05:54 PM,-20,-20,-1.25,-1.24989,8.982625,0.000611,-21.07,,3.302128,0.0042956,4_05,,-26251.12
E356,5/26/2025,9:06:04 PM,-20,-19.9,-1.25,-1.24927,7.73340625,0.000851,-21.13,,3.301383,0.0044036,4_06,,-27050.62
E321,5/26/2025,9:07:12 PM,-20,-20.1,-0.625,-0.62636,31.22715625,0.001261,-20.99,,3.300198,0.004451,1_01,,-12014.62
E322,5/26/2025,9:07:22 PM,-20,-20.1,-0.625,-0.623301,32.54160938,0.001124,-21.28,,3.300559,0.0045054,1_02,,-11173.37
E323,5/26/2025,9:07:32 PM,-20,-19.9,-0.625,-0.624778,31.99746875,0.000122,-21,,3.301022,0.0043903,1_03,,-11521.62
E324,5/26/2025,9:07:42 PM,-20,-20,-0.625,-0.62544,29.18085938,0.000397,-21.31,,3.301383,0.0043767,1_04,,-13324.25
E325,5/26/2025,9:07:52 PM,-20,-20.1,-0.625,-0.623924,33.15723438,-0.000335,-21.35,,3.300627,0.0044896,1_05,,-10779.37
E326,5/26/2025,9:08:02 PM,-20,-20,-0.625,-0.624854,30.334375,-0.000105,-21.25,,3.300819,0.0044382,1_06,,-12586
E327,5/26/2025,9:08:12 PM,-20,-20,-0.625,-0.625285,30.96270313,0.001126,-21.25,,3.300909,0.0044292,1_07,,-12183.87
E329,5/26/2025,9:08:32 PM,-20,-20,-0.625,-0.624804,30.620125,-0.000614,-21.38,,3.232193,0.0044071,1_09,,-12403.12
E330,5/26/2025,9:08:42 PM,-20,-19.9,-0.625,-0.625398,32.43398438,-0.000379,-21.14,,3.301451,0.0043527,1_10,,-11242.25
E331,5/26/2025,9:08:52 PM,-20,-19.9,-0.625,-0.624925,32.15801563,-0.000406,-21.4,,3.300469,0.004433,2_01,,-11418.87
E333,5/26/2025,9:09:12 PM,-20,-19.9,-0.625,-0.624635,29.08828125,0.000448,-21.37,,3.301236,0.0043339,2_03,,-13383.5
E334,5/26/2025,9:09:22 PM,-20,-19.9,-0.625,-0.625771,30.54492188,-0.000362,-21.47,,3.300796,0.0044507,2_04,,-12451.25
E335,5/26/2025,9:09:32 PM,-20,-20,-0.625,-0.626072,29.29492188,-0.000645,-21.55,,3.299882,0.0044844,2_05,,-13251.25
E336,5/26/2025,9:09:42 PM,-20,-20,-0.625,-0.625122,30.357625,-0.00039,-21.37,,3.300706,0.0044729,2_06,,-12571.12
E337,5/26/2025,9:09:52 PM,-20,-20.1,-0.625,-0.624269,31.63614063,-0.000168,-21.72,,3.300469,0.0044552,2_07,,-11752.87
E338,5/26/2025,9:10:02 PM,-20,-20.1,-0.625,-0.62523,29.08614063,0.000755,-21.69,,3.301146,0.0043901,2_08,,-13384.87
E339,5/26/2025,9:10:12 PM,-20,-20.1,-0.625,-0.624976,29.06426563,-0.000168,-21.79,,3.301045,0.0044145,2_09,,-13398.87
E340,5/26/2025,9:10:22 PM,-20,-20.1,-0.625,-0.624104,29.5875,0.000204,-21.81,,3.30109,0.0043972,2_10,,-13064
E341,5/26/2025,9:10:32 PM,-20,-20.1,-0.625,-0.624449,31.70371875,0.000757,-21.76,,3.301067,0.0044484,3_01,,-11709.62
E342,5/26/2025,9:10:42 PM,-20,-20,-0.625,-0.624724,34.22382813,0.000554,-21.94,,3.301,0.0044475,3_02,,-10096.75
E343,5/26/2025,9:10:52 PM,-20,-20,-0.625,-0.622674,29.75059375,0.001208,-21.73,,3.301011,0.0044624,3_03,,-12959.62
E344,5/26/2025,9:11:02 PM,-20,-20.1,-0.625,-0.623099,27.16192188,0.000753,-21.79,,3.30127,0.0044298,3_04,,-14616.37
E345,5/26/2025,9:11:12 PM,-20,-19.9,-0.625,-0.62419,29.38515625,-0.000227,-21.17,,3.301079,0.0044329,3_05,,-13193.5
E346,5/26/2025,9:11:22 PM,-20,-19.9,-0.625,-0.625102,31.02676563,-0.000153,-21.44,,3.133673,0.0301774,3_06,,-12142.87
E347,5/26/2025,9:11:32 PM,-20,-20.1,-0.625,-0.625008,33.19414063,0.000665,-21.17,,3.300322,0.0044774,3_07,,-10755.75
E348,5/26/2025,9:11:42 PM,-20,-20,-0.625,-0.625103,32.18575,0.000384,-21.16,,3.301157,0.0044406,3_08,,-11401.12
E349,5/26/2025,9:11:52 PM,-20,-19.9,-0.625,-0.625006,32.98984375,0.000983,-21.27,,3.301767,0.0043456,3_09,,-10886.5
E350,5/26/2025,9:12:02 PM,-20,-20,-0.625,-0.624778,33.21582813,0.000124,-21.27,,3.300616,0.0044598,3_10,,-10741.87
E351,5/26/2025,9:12:12 PM,-20,-20,-0.625,-0.624787,31.06328125,-0.000077,-21.26,,3.30074,0.0044444,4_01,,-12119.5
E352,5/26/2025,9:12:22 PM,-20,-20,-0.625,-0.622792,29.4765625,0.00051,-21.2,,3.30065,0.004502,4_02,,-13135
E353,5/26/2025,9:12:32 PM,-20,-20,-0.625,-0.625534,-1.2,0.000214,-21.27,,3.303426,0.0040588,4_03,,-32768
E354,5/26/2025,9:12:42 PM,-20,-20,-0.625,-0.625816,31.61153125,0.000218,-20.56,,3.301304,0.0043982,4_04,,-11768.62
E355,5/26/2025,9:12:52 PM,-20,-20.1,-0.625,-0.625138,29.48203125,-0.000102,-21.1,,3.301733,0.0043342,4_05,,-13131.5
E356,5/26/2025,9:13:02 PM,-20,-20,-0.625,-0.624184,27.94609375,-0.000016,-21.12,,3.300909,0.0044559,4_06,,-14114.5
E321,5/26/2025,9:14:12 PM,-20,-19.9,0,-0.001055,51.18007813,0.000582,-21.01,,3.300119,0.0044566,1_01,,755.25
E322,5/26/2025,9:14:22 PM,-20,-20,0,-0.000612,52.55214063,0.000524,-21.29,,3.300525,0.0045107,1_02,,1633.37
E323,5/26/2025,9:14:32 PM,-20,-20,0,0.000835,51.91445313,0.000191,-21.05,,3.300943,0.0043936,1_03,,1225.25
E324,5/26/2025,9:14:42 PM,-20,-19.9,0,-0.000035,48.85020313,0.000633,-21.32,,3.301248,0.0043866,1_04,,-735.87
E325,5/26/2025,9:14:52 PM,-20,-20.1,0,0.000227,53.00039063,0.000428,-21.39,,3.300582,0.0044965,1_05,,1920.25
E326,5/26/2025,9:15:02 PM,-20,-20.1,0,0.000866,50.85604688,0.000232,-21.33,,3.300864,0.0044466,1_06,,547.87
E327,5/26/2025,9:15:12 PM,-20,-20.1,0,-0.00081,51.31698438,0.000912,-21.28,,3.300774,0.0044384,1_07,,842.87
E329,5/26/2025,9:15:32 PM,-20,-20.1,0,0.001921,50.686125,-0.000076,-21.42,,3.232712,0.0044146,1_09,,439.12
E330,5/26/2025,9:15:42 PM,-20,-20.1,0,0.000375,52.09179688,-0.000263,-21.2,,3.301485,0.0043555,1_10,,1338.75
E331,5/26/2025,9:15:52 PM,-20,-20.1,0,0.001955,52.06659375,-0.000133,-21.44,,3.300379,0.00444,2_01,,1322.62
E333,5/26/2025,9:16:12 PM,-20,-20,0,-0.000332,48.80684375,0.00003,-21.42,,3.301112,0.0043442,2_03,,-763.62
E334,5/26/2025,9:16:22 PM,-20,-20,0,0.000161,50.6359375,-0.000064,-21.53,,3.300762,0.0044611,2_04,,407
E335,5/26/2025,9:16:32 PM,-20,-20,0,0.001934,49.18359375,-0.00007,-21.56,,3.299781,0.0044965,2_05,,-522.5
E336,5/26/2025,9:16:42 PM,-20,-20,0,0.000159,50.24804688,0.000403,-21.44,,3.300571,0.004481,2_06,,158.75
E337,5/26/2025,9:16:52 PM,-20,-20,0,0.001075,51.48378125,-0.00027,-21.77,,3.300356,0.0044637,2_07,,949.62
E338,5/26/2025,9:17:02 PM,-20,-19.9,0,-0.000757,48.66445313,0.000714,-21.72,,3.301,0.0044008,2_08,,-854.75
E339,5/26/2025,9:17:12 PM,-20,-20,0,-0.000065,49.47754688,0.000785,-21.85,,3.300932,0.0044225,2_09,,-334.37
E340,5/26/2025,9:17:21 PM,-20,-20.1,0,0.00092,49.94140625,-0.000082,-21.88,,3.300977,0.0044036,2_10,,-37.5
E341,5/26/2025,9:17:31 PM,-20,-20,0,0.001822,51.44492188,0.000755,-21.81,,3.300954,0.0044546,3_01,,924.75
E342,5/26/2025,9:17:41 PM,-20,-20.1,0,0.000033,53.79315625,0.000363,-21.99,,3.300988,0.0044525,3_02,,2427.62
E343,5/26/2025,9:17:51 PM,-20,-20.1,0,0.000688,49.882625,0.000578,-21.82,,3.300909,0.0044714,3_03,,-75.12
E344,5/26/2025,9:18:01 PM,-20,-19.9,0,0.00291,47.65898438,0.000597,-21.82,,3.301157,0.0044449,3_04,,-1498.25
E345,5/26/2025,9:18:11 PM,-20,-20,0,0.001487,49.35742188,-0.000366,-21.22,,3.301033,0.0044422,3_05,,-411.25
E346,5/26/2025,9:18:21 PM,-20,-20,0,0.001799,51.03125,-0.000156,-21.47,,3.134068,0.0301896,3_06,,660
E347,5/26/2025,9:18:31 PM,-20,-19.9,0,0.001672,52.85682813,-0.000302,-21.16,,3.300334,0.0044819,3_07,,1828.37
E348,5/26/2025,9:18:41 PM,-20,-19.9,0,0.002296,51.97635938,0.000084,-21.14,,3.301067,0.0044452,3_08,,1264.87
E349,5/26/2025,9:18:51 PM,-20,-19.9,0,-0.000376,53.009375,0.00112,-21.28,,3.301733,0.0043512,3_09,,1926
E350,5/26/2025,9:19:01 PM,-20,-19.9,0,0.000148,52.79628125,0.000459,-21.29,,3.300548,0.0044659,3_10,,1789.62
E351,5/26/2025,9:19:11 PM,-20,-19.9,0,0.000799,51.10898438,0.000307,-21.26,,3.300683,0.0044531,4_01,,709.75
E352,5/26/2025,9:19:21 PM,-20,-20,0,0.000922,48.65957813,0.000558,-21.16,,3.300593,0.0045163,4_02,,-857.87
E353,5/26/2025,9:19:31 PM,-20,-20.1,0,-0.00009,35.78340625,0.000481,-21.06,,3.301203,0.0043975,4_03,,-9098.62
E354,5/26/2025,9:19:41 PM,-20,-20,0,0.002319,52.04823438,-0.000131,-20.55,,3.30118,0.004404,4_04,,1310.87
E355,5/26/2025,9:19:51 PM,-20,-20,0,0.001544,49.83085938,0.000364,-21.1,,3.301609,0.004341,4_05,,-108.25
E356,5/26/2025,9:20:01 PM,-20,-20.1,0,0.001385,48.28085938,0.000054,-21.11,,3.300729,0.0044696,4_06,,-1100.25
E321,5/26/2025,9:21:06 PM,-20,-19.9,0.625,0.625247,70.91953125,0.000426,-21.04,,3.300232,0.0044558,1_01,,13388.5
E322,5/26/2025,9:21:16 PM,-20,-19.9,0.625,0.625241,72.33046875,0.000227,-21.3,,3.300559,0.0045071,1_02,,14291.5
E323,5/26/2025,9:21:26 PM,-20,-19.9,0.625,0.625462,71.82635938,0.000118,-21.09,,3.300966,0.0043949,1_03,,13968.87
E324,5/26/2025,9:21:36 PM,-20,-20,0.625,0.625686,69.03789063,-0.000004,-21.4,,3.301361,0.0043775,1_04,,12184.25
E325,5/26/2025,9:21:46 PM,-20,-20.1,0.625,0.625987,72.74179688,0.000393,-21.41,,3.300593,0.0044955,1_05,,14554.75
E326,5/26/2025,9:21:56 PM,-20,-20,0.625,0.628147,70.62851563,-0.000081,-21.33,,3.300932,0.0044437,1_06,,13202.25
E327,5/26/2025,9:22:06 PM,-20,-20,0.625,0.625816,71.11425,0.000662,-21.3,,3.300864,0.00444,1_07,,13513.12
E329,5/26/2025,9:22:26 PM,-20,-20.1,0.625,0.626698,70.56992188,0.00027,-21.44,,3.232915,0.0044132,1_09,,13164.75
E330,5/26/2025,9:22:36 PM,-20,-20,0.625,0.625866,72.04940625,-0.000018,-21.21,,3.301462,0.0043548,1_10,,14111.62
E331,5/26/2025,9:22:46 PM,-20,-20.1,0.625,0.625882,71.82089063,0.000093,-21.49,,3.300458,0.0044404,2_01,,13965.37
E333,5/26/2025,9:23:06 PM,-20,-20,0.625,0.624222,68.91054688,0.000124,-21.48,,3.301225,0.0043353,2_03,,12102.75
E334,5/26/2025,9:23:16 PM,-20,-20,0.625,0.62499,70.6064375,0.000193,-21.54,,3.30074,0.0044593,2_04,,13188.12
E335,5/26/2025,9:23:26 PM,-20,-19.9,0.625,0.627139,69.2703125,0.000205,-21.57,,3.299894,0.0044874,2_05,,12333
E336,5/26/2025,9:23:36 PM,-20,-19.9,0.625,0.626403,70.36328125,-0.000333,-21.45,,3.30065,0.0044798,2_06,,13032.5
E337,5/26/2025,9:23:46 PM,-20,-19.9,0.625,0.625252,71.60878125,-0.000079,-21.82,,3.300345,0.0044651,2_07,,13829.62
E338,5/26/2025,9:23:56 PM,-20,-19.9,0.625,0.625671,68.88789063,-0.000254,-21.79,,3.30109,0.004392,2_08,,12088.25
E339,5/26/2025,9:24:06 PM,-20,-19.9,0.625,0.624467,69.59471875,-0.000522,-21.86,,3.300988,0.0044153,2_09,,12540.62
E340,5/26/2025,9:24:16 PM,-20,-20,0.625,0.624109,70.35057813,-0.000371,-21.9,,3.30109,0.0043981,2_10,,13024.37
E341,5/26/2025,9:24:26 PM,-20,-20,0.625,0.627182,71.334375,0.000893,-21.83,,3.301067,0.0044548,3_01,,13654
E342,5/26/2025,9:24:36 PM,-20,-20,0.625,0.626067,73.19940625,0.001043,-22.04,,3.301056,0.0044541,3_02,,14847.62
E343,5/26/2025,9:24:46 PM,-20,-20,0.625,0.625916,70.0251875,0.000876,-21.85,,3.300954,0.0044672,3_03,,12816.12
E344,5/26/2025,9:24:56 PM,-20,-20,0.625,0.626741,67.87557813,0.000368,-21.89,,3.301248,0.0044305,3_04,,11440.37
E345,5/26/2025,9:25:06 PM,-20,-20.1,0.625,0.626386,69.37245313,-0.000559,-21.21,,3.301101,0.0044327,3_05,,12398.37
E346,5/26/2025,9:25:16 PM,-20,-20.1,0.625,0.625146,71.08378125,0.000295,-21.46,,3.134022,0.0301935,3_06,,13493.62
E347,5/26/2025,9:25:26 PM,-20,-20,0.625,0.627439,72.70370313,0.00018,-21.17,,3.300334,0.0044797,3_07,,14530.37
E348,5/26/2025,9:25:36 PM,-20,-20,0.625,0.625606,71.759375,-0.000048,-21.17,,3.30109,0.0044461,3_08,,13926
E349,5/26/2025,9:25:46 PM,-20,-20,0.625,0.625277,72.85976563,0.001541,-21.29,,3.301654,0.0043497,3_09,,14630.25
E350,5/26/2025,9:25:56 PM,-20,-20,0.625,0.626369,72.56385938,0.000027,-21.28,,3.300548,0.0044654,3_10,,14440.87
E351,5/26/2025,9:26:06 PM,-20,-20,0.625,0.626538,70.94726563,0.000876,-21.23,,3.300627,0.0044538,4_01,,13406.25
E352,5/26/2025,9:26:15 PM,-20,-20,0.625,0.624533,68.6876875,0.000845,-21.21,,3.300672,0.0045085,4_02,,11960.12
E353,5/26/2025,9:26:25 PM,-20,-20,0.625,0.62501,67.6375,0.000506,-21.06,,3.301214,0.0043955,4_03,,11288
E354,5/26/2025,9:26:35 PM,-20,-20,0.625,0.625465,71.72440625,-0.000228,-20.58,,3.301236,0.0044055,4_04,,13903.62
E355,5/26/2025,9:26:45 PM,-20,-20,0.625,0.625049,70.1140625,-0.000029,-21.12,,3.30171,0.0043329,4_05,,12873
E356,5/26/2025,9:26:55 PM,-20,-20,0.625,0.626415,68.6046875,0.00085,-21.13,,3.300808,0.0044561,4_06,,11907
E321,5/26/2025,9:28:03 PM,-20,-20,1.25,1.25018,90.53789063,0.001029,-21.04,,3.300424,0.0044343,1_01,,25944.25
E322,5/26/2025,9:28:13 PM,-20,-19.9,1.25,1.249925,92.03398438,0.000399,-21.31,,3.30083,0.0044772,1_02,,26901.75
E323,5/26/2025,9:28:23 PM,-20,-19.9,1.25,1.250767,91.76346875,0.000574,-21.1,,3.301304,0.004367,1_03,,26728.62
E324,5/26/2025,9:28:33 PM,-20,-20,1.25,1.250906,89.6220625,0.000838,-21.4,,3.301553,0.0043614,1_04,,25358.12
E325,5/26/2025,9:28:43 PM,-20,-20,1.25,1.250281,92.3625,0.000401,-21.4,,3.300966,0.0044671,1_05,,27112
E326,5/26/2025,9:28:53 PM,-20,-19.9,1.25,1.251549,90.56835938,-0.000022,-21.33,,3.301203,0.0044229,1_06,,25963.75
E327,5/26/2025,9:29:03 PM,-20,-20.1,1.25,1.250697,90.9765625,0.000936,-21.31,,3.301079,0.0044216,1_07,,26225
E329,5/26/2025,9:29:23 PM,-20,-20,1.25,1.251171,90.50039063,0.000105,-21.44,,3.233728,0.0043914,1_09,,25920.25
E330,5/26/2025,9:29:33 PM,-20,-20.1,1.25,1.251056,92.07792188,0.000282,-21.23,,3.301699,0.0043269,1_10,,26929.87
E331,5/26/2025,9:29:43 PM,-20,-20,1.25,1.250425,91.55292188,0.000128,-21.48,,3.300729,0.004416,2_01,,26593.87
E333,5/26/2025,9:30:03 PM,-20,-20.1,1.25,1.250687,89.1939375,0.000488,-21.49,,3.301496,0.0043207,2_03,,25084.12
E334,5/26/2025,9:30:13 PM,-20,-20,1.25,1.249632,90.2533125,0.00029,-21.55,,3.300921,0.0044432,2_04,,25762.12
E335,5/26/2025,9:30:23 PM,-20,-20,1.25,1.25209,89.59198438,-0.000399,-21.61,,3.300051,0.0044722,2_05,,25338.87
E336,5/26/2025,9:30:33 PM,-20,-20.1,1.25,1.251157,90.45507813,0.000237,-21.48,,3.300819,0.0044596,2_06,,25891.25
E337,5/26/2025,9:30:43 PM,-20,-19.9,1.25,1.251736,91.56503125,0.000209,-21.82,,3.300695,0.0044395,2_07,,26601.62
E338,5/26/2025,9:30:53 PM,-20,-20,1.25,1.250688,89.20351563,0.000234,-21.81,,3.301203,0.0043787,2_08,,25090.25
E339,5/26/2025,9:31:03 PM,-20,-20,1.25,1.250045,89.57675,-0.000204,-21.89,,3.30118,0.0043975,2_09,,25329.12
E340,5/26/2025,9:31:13 PM,-20,-20,1.25,1.251541,90.20565625,0.000343,-21.93,,3.301248,0.0043776,2_10,,25731.62
E341,5/26/2025,9:31:23 PM,-20,-20,1.25,1.250447,91.25,0.000465,-21.9,,3.301248,0.0044298,3_01,,26400
E342,5/26/2025,9:31:33 PM,-20,-20.1,1.25,1.250647,92.47539063,0.001388,-22.09,,3.301225,0.004427,3_02,,27184.25
E343,5/26/2025,9:31:43 PM,-20,-20,1.25,1.250374,90.2501875,0.00206,-21.89,,3.301157,0.0044497,3_03,,25760.12
E344,5/26/2025,9:31:53 PM,-20,-20,1.25,1.250311,88.5546875,0.000856,-21.9,,3.301338,0.0044135,3_04,,24675
E345,5/26/2025,9:32:03 PM,-20,-20,1.25,1.250834,89.4408125,-0.000149,-21.19,,3.301282,0.0044159,3_05,,25242.12
E346,5/26/2025,9:32:13 PM,-20,-20,1.25,1.249669,90.9408125,-0.000026,-21.47,,3.134248,0.0301699,3_06,,26202.12
E347,5/26/2025,9:32:23 PM,-20,-20.1,1.25,1.249864,92.708,0.000621,-21.18,,3.300582,0.0044484,3_07,,27333.12
E348,5/26/2025,9:32:33 PM,-20,-20,1.25,1.250549,91.85859375,-0.000545,-21.16,,3.301349,0.0044192,3_08,,26789.5
E349,5/26/2025,9:32:43 PM,-20,-20,1.25,1.250725,92.45351563,0.001588,-21.3,,3.301936,0.0043207,3_09,,27170.25
E350,5/26/2025,9:32:53 PM,-20,-20,1.25,1.25134,92.76971875,0.000174,-21.32,,3.300898,0.004432,3_10,,27372.62
E351,5/26/2025,9:33:03 PM,-20,-20,1.25,1.249783,91.27773438,-0.000018,-21.25,,3.300875,0.0044298,4_01,,26417.75
E352,5/26/2025,9:33:13 PM,-20,-19.9,1.25,1.250339,89.01034375,0.000116,-21.19,,3.300796,0.0044948,4_02,,24966.62
E353,5/26/2025,9:33:23 PM,-20,-20,1.25,1.249857,89.8783125,0.000579,-21.07,,3.301474,0.0043775,4_03,,25522.12
E354,5/26/2025,9:33:33 PM,-20,-20,1.25,1.249914,91.46914063,0.000581,-20.58,,3.301541,0.0043803,4_04,,26540.25
E355,5/26/2025,9:33:43 PM,-20,-20,1.25,1.249846,90.03671875,0.000482,-21.1,,3.301868,0.0043138,4_05,,25623.5
E356,5/26/2025,9:33:53 PM,-20,-20,1.25,1.251517,88.903125,0.000111,-21.15,,3.301045,0.0044408,4_06,,24898
E321,5/26/2025,9:34:47 PM,-20,-20.1,0,0.000108,51.09609375,0.000859,-21.07,,3.300232,0.0044572,1_01,,701.5
E322,5/26/2025,9:34:57 PM,-20,-20,0,0.000196,52.47421875,0.000814,-21.32,,3.300537,0.0045107,1_02,,1583.5
E323,5/26/2025,9:35:07 PM,-20,-20,0,-0.000618,52.05448438,0.00017,-21.11,,3.300943,0.0043945,1_03,,1314.87
E324,5/26/2025,9:35:17 PM,-20,-20,0,-0.000179,49.10059375,0.000718,-21.43,,3.301293,0.0043865,1_04,,-575.62
E325,5/26/2025,9:35:27 PM,-20,-20,0,-0.000082,53.08260938,0.000183,-21.41,,3.300616,0.0044961,1_05,,1972.87
E326,5/26/2025,9:35:37 PM,-20,-20,0,0.000406,50.75390625,0.000446,-21.33,,3.300864,0.0044457,1_06,,482.5
E327,5/26/2025,9:35:47 PM,-20,-20,0,-0.000434,51.14492188,0.000618,-21.3,,3.300808,0.0044383,1_07,,732.75
E329,5/26/2025,9:36:07 PM,-20,-20,0,0.00075,50.634375,0.000139,-21.42,,3.23471,0.0044156,1_09,,406
E330,5/26/2025,9:36:17 PM,-20,-20,0,0.001613,52.57870313,0.000596,-21.25,,3.301406,0.0043559,1_10,,1650.37
E331,5/26/2025,9:36:27 PM,-20,-20.1,0,-0.000269,52.15351563,0.0002,-21.5,,3.30048,0.0044399,2_01,,1378.25
E333,5/26/2025,9:36:47 PM,-20,-20,0,0.000365,49.06075,0.000485,-21.48,,3.301135,0.0043451,2_03,,-601.12
E334,5/26/2025,9:36:57 PM,-20,-20.1,0,0.00063,50.7970625,0.000519,-21.59,,3.300672,0.0044605,2_04,,510.12
E335,5/26/2025,9:37:07 PM,-20,-20,0,0.002394,49.457625,0.000213,-21.61,,3.299758,0.0044961,2_05,,-347.12
E336,5/26/2025,9:37:17 PM,-20,-20,0,0.000813,50.35703125,-0.000329,-21.48,,3.300616,0.004481,2_06,,228.5
E337,5/26/2025,9:37:27 PM,-20,-20,0,-0.000974,51.51523438,-0.000486,-21.86,,3.300345,0.0044635,2_07,,969.75
E338,5/26/2025,9:37:37 PM,-20,-20,0,0.000103,49.02578125,0.000141,-21.8,,3.301022,0.0044003,2_08,,-623.5
E339,5/26/2025,9:37:47 PM,-20,-19.9,0,-0.00041,49.81075,0.000391,-21.88,,3.300943,0.0044217,2_09,,-121.12
E340,5/26/2025,9:37:57 PM,-20,-19.9,0,-0.000745,50.02401563,0.000617,-21.94,,3.300943,0.0044035,2_10,,15.37
E341,5/26/2025,9:38:07 PM,-20,-19.9,0,0.000455,51.64667188,0.000649,-21.87,,3.300954,0.0044559,3_01,,1053.87
E342,5/26/2025,9:38:17 PM,-20,-19.9,0,0.001725,53.96034375,0.001808,-22.07,,3.300988,0.0044522,3_02,,2534.62
E343,5/26/2025,9:38:27 PM,-20,-19.9,0,0.000165,49.72890625,0.002347,-21.86,,3.300898,0.0044725,3_03,,-173.5
E344,5/26/2025,9:38:37 PM,-20,-20.1,0,0.000334,47.73770313,0.001497,-21.9,,3.301124,0.0044451,3_04,,-1447.87
E345,5/26/2025,9:38:47 PM,-20,-20,0,0.000274,49.57226563,-0.000216,-21.18,,3.300954,0.0044413,3_05,,-273.75
E346,5/26/2025,9:38:57 PM,-20,-20,0,0.002493,51.104875,-0.000678,-21.45,,3.134045,0.030189,3_06,,707.12
E347,5/26/2025,9:39:07 PM,-20,-20.1,0,0.000894,53.05214063,-0.000236,-21.17,,3.300289,0.0044809,3_07,,1953.37
E348,5/26/2025,9:39:17 PM,-20,-20,0,0.002009,51.979875,-0.000293,-21.15,,3.301067,0.0044457,3_08,,1267.12
E349,5/26/2025,9:39:27 PM,-20,-20,0,-0.000847,52.67557813,0.001374,-21.3,,3.301598,0.0043512,3_09,,1712.37
E350,5/26/2025,9:39:37 PM,-20,-20.1,0,-0.001367,53.00096875,-0.000067,-21.29,,3.300582,0.0044664,3_10,,1920.62
E351,5/26/2025,9:39:47 PM,-20,-20.1,0,0.001227,50.96054688,-0.000032,-21.25,,3.30065,0.0044542,4_01,,614.75
E352,5/26/2025,9:39:57 PM,-20,-20,0,0.00247,48.7921875,0.000299,-21.18,,3.300514,0.0045159,4_02,,-773
E353,5/26/2025,9:40:07 PM,-20,-20.1,0,0.000116,36.1265625,0.000525,-21.06,,3.301157,0.0043967,4_03,,-8879
E354,5/26/2025,9:40:17 PM,-20,-20,0,0.00069,51.85682813,0.000006,-20.56,,3.301236,0.0044049,4_04,,1188.37
E355,5/26/2025,9:40:27 PM,-20,-19.9,0,-0.001194,49.92851563,0.000217,-21.07,,3.301598,0.004341,4_05,,-45.75
E356,5/26/2025,9:40:37 PM,-20,-19.9,0,0.000789,48.52226563,0.000595,-21.11,,3.300695,0.0044698,4_06,,-945.75
E321,5/26/2025,9:41:41 PM,-20,-20,-1.25,-1.250181,11.68809375,0.001759,-21.09,,3.300559,0.0044248,1_01,,-24519.62
E322,5/26/2025,9:41:51 PM,-20,-20.1,-1.25,-1.250207,12.60703125,0.001131,-21.4,,3.300943,0.0044805,1_02,,-23931.5
E323,5/26/2025,9:42:01 PM,-20,-20,-1.25,-1.250062,12.20273438,0.000433,-21.11,,3.301394,0.004366,1_03,,-24190.25
E324,5/26/2025,9:42:11 PM,-20,-20,-1.25,-1.249901,9.828328125,0.001038,-21.45,,3.301835,0.0043407,1_04,,-25709.87
E325,5/26/2025,9:42:21 PM,-20,-20,-1.25,-1.249879,13.5216875,0.000279,-21.45,,3.300988,0.0044646,1_05,,-23346.12
E326,5/26/2025,9:42:31 PM,-20,-20,-1.25,-1.249667,9.823046875,-0.000113,-21.4,,3.301361,0.0044025,1_06,,-25713.25
E327,5/26/2025,9:42:41 PM,-20,-20,-1.25,-1.250193,11.24825,0.001211,-21.34,,3.301315,0.0043969,1_07,,-24801.12
E329,5/26/2025,9:43:01 PM,-20,-20,-1.25,-1.249782,10.61523438,0.000549,-21.49,,3.233852,0.0043758,1_09,,-25206.25
E330,5/26/2025,9:43:11 PM,-20,-20,-1.25,-1.250503,12.99395313,-0.000166,-21.27,,3.301733,0.00433,1_10,,-23683.87
E331,5/26/2025,9:43:21 PM,-20,-20,-1.25,-1.250019,12.28164063,0.000009,-21.52,,3.300909,0.0044048,2_01,,-24139.75
E333,5/26/2025,9:43:41 PM,-20,-20,-1.25,-1.2508,10.078125,0.000494,-21.51,,3.301586,0.0043023,2_03,,-25550
E334,5/26/2025,9:43:51 PM,-20,-20,-1.25,-1.248984,10.93965625,0.000701,-21.6,,3.301169,0.0044183,2_04,,-24998.62
E335,5/26/2025,9:44:01 PM,-20,-20.1,-1.25,-1.249306,9.654296875,0.000508,-21.67,,3.300311,0.0044458,2_05,,-25821.25
E336,5/26/2025,9:44:11 PM,-20,-20.1,-1.25,-1.249062,10.807625,-0.000764,-21.51,,3.301011,0.0044428,2_06,,-25083.12
E337,5/26/2025,9:44:21 PM,-20,-20,-1.25,-1.24929,11.97325,0.000189,-21.88,,3.300785,0.0044302,2_07,,-24337.12
E338,5/26/2025,9:44:31 PM,-20,-20.1,-1.25,-1.250542,10.36465625,0.000934,-21.86,,3.301451,0.0043576,2_08,,-25366.62
E339,5/26/2025,9:44:41 PM,-20,-20.1,-1.25,-1.250427,8.509765625,0.000006,-21.96,,3.301462,0.0043728,2_09,,-26553.75
E340,5/26/2025,9:44:50 PM,-20,-20,-1.25,-1.250212,8.8875,0.000539,-21.99,,3.301485,0.004357,2_10,,-26312
E341,5/26/2025,9:45:00 PM,-20,-20,-1.25,-1.250083,12.01796875,0.00063,-21.92,,3.301349,0.0044223,3_01,,-24308.5
E342,5/26/2025,9:45:10 PM,-20,-19.9,-1.25,-1.249623,14.93379688,0.002047,-22.11,,3.301327,0.004426,3_02,,-22442.37
E343,5/26/2025,9:45:20 PM,-20,-19.9,-1.25,-1.249705,10.0654375,0.002426,-21.92,,3.301338,0.0044298,3_03,,-25558.12
E344,5/26/2025,9:45:30 PM,-20,-20,-1.25,-1.249841,7.449421875,0.002298,-21.98,,3.30171,0.0043816,3_04,,-27232.37
E345,5/26/2025,9:45:40 PM,-20,-19.9,-1.25,-1.250842,10.36817188,-0.000181,-21.22,,3.301462,0.0044029,3_05,,-25364.37
E346,5/26/2025,9:45:50 PM,-20,-19.9,-1.25,-1.250567,11.317,-0.000103,-21.5,,3.134519,0.0301556,3_06,,-24757.12
E347,5/26/2025,9:46:00 PM,-20,-20,-1.25,-1.250004,13.95567188,-0.000114,-21.21,,3.300751,0.0044537,3_07,,-23068.37
E348,5/26/2025,9:46:10 PM,-20,-20,-1.25,-1.25057,12.87989063,-0.00059,-21.2,,3.301507,0.0044172,3_08,,-23756.87
E349,5/26/2025,9:46:20 PM,-20,-20.1,-1.25,-1.250024,12.84395313,0.00215,-21.31,,3.302072,0.0043192,3_09,,-23779.87
E350,5/26/2025,9:46:30 PM,-20,-20,-1.25,-1.249514,13.95215625,0.000061,-21.31,,3.301011,0.0044388,3_10,,-23070.62
E351,5/26/2025,9:46:40 PM,-20,-20,-1.25,-1.250467,11.83067188,0.000376,-21.32,,3.301112,0.0044142,4_01,,-24428.37
E352,5/26/2025,9:46:50 PM,-20,-20,-1.25,-1.250814,10.7779375,0.000588,-21.23,,3.301135,0.0044695,4_02,,-25102.12
E353,5/26/2025,9:47:00 PM,-20,-20,-1.25,-1.24959,-1.2,-0.000057,-21.32,,3.303651,0.0040579,4_03,,-32768
E354,5/26/2025,9:47:10 PM,-20,-20,-1.25,-1.249174,11.3734375,0.000271,-20.6,,3.301767,0.0043713,4_04,,-24721
E355,5/26/2025,9:47:20 PM,-20,-20,-1.25,-1.250478,9.18671875,0.000641,-21.16,,3.302207,0.0042984,4_05,,-26120.5
E356,5/26/2025,9:47:30 PM,-20,-20,-1.25,-1.249747,8.131640625,0.000136,-21.2,,3.301406,0.0044074,4_06,,-26795.75
E321,5/26/2025,10:43:13 PM,0,0,-1.25,-1.250185,11.09551563,0.024311,-1.03,,3.300153,0.0044231,1_01,,-24898.87
E322,5/26/2025,10:43:23 PM,0,0,-1.25,-1.249873,11.38614063,0.007438,-1.21,,3.300108,0.0044794,1_02,,-24712.87
E323,5/26/2025,10:43:33 PM,0,0,-1.25,-1.248533,10.52832813,0.028023,-1.06,,3.300593,0.0043653,1_03,,-25261.87
E324,5/26/2025,10:43:43 PM,0,0,-1.25,-1.250421,10.220125,0.005528,-1.29,,3.300921,0.0043441,1_04,,-25459.12
E325,5/26/2025,10:43:53 PM,0,0,-1.25,-1.25003,11.13476563,0.005563,-1.29,,3.300255,0.0044604,1_05,,-24873.75
E326,5/26/2025,10:44:03 PM,0,-0.1,-1.25,-1.248531,10.22207813,0.005702,-1.24,,3.300582,0.0044065,1_06,,-25457.87
E327,5/26/2025,10:44:13 PM,0,-0.1,-1.25,-1.248576,10.65254688,0.032141,-1.23,,3.300548,0.0043968,1_07,,-25182.37
E329,5/26/2025,10:44:33 PM,0,0.1,-1.25,-1.249327,10.35625,0.004646,-1.37,,3.240939,0.0043771,1_09,,-25372
E330,5/26/2025,10:44:43 PM,0,0.1,-1.25,-1.248769,10.8591875,0.004228,-1.17,,3.301011,0.0043294,1_10,,-25050.12
E331,5/26/2025,10:44:53 PM,0,0,-1.25,-1.247992,11.00976563,0.00203,-1.34,,3.300142,0.0044069,2_01,,-24953.75
E333,5/26/2025,10:45:13 PM,0,0,-1.25,-1.24952,10.3716875,0.001784,-1.43,,3.300808,0.0043094,2_03,,-25362.12
E334,5/26/2025,10:45:23 PM,0,-0.1,-1.25,-1.247129,10.63828125,0.008292,-1.48,,3.300469,0.0044181,2_04,,-25191.5
E335,5/26/2025,10:45:33 PM,0,0,-1.25,-1.249011,10.53653125,0.003237,-1.48,,3.299498,0.0044535,2_05,,-25256.62
E336,5/26/2025,10:45:43 PM,0,0,-1.25,-1.250434,10.47051563,0.00284,-1.34,,3.300289,0.0044426,2_06,,-25298.87
E337,5/26/2025,10:45:53 PM,0,0,-1.25,-1.250851,10.36621875,0.001316,-1.91,,3.300108,0.0044237,2_07,,-25365.62
E338,5/26/2025,10:46:03 PM,0,-0.1,-1.25,-1.249132,10.50020313,0.008968,-1.89,,3.300706,0.0043616,2_08,,-25279.87
E339,5/26/2025,10:46:13 PM,0,-0.1,-1.25,-1.248054,9.880671875,0.004399,-1.97,,3.300627,0.0043852,2_09,,-25676.37
E340,5/26/2025,10:46:23 PM,0,0,-1.25,-1.250276,10.18125,0.002484,-1.99,,3.300638,0.0043705,2_10,,-25484
E341,5/26/2025,10:46:33 PM,0,0,-1.25,-1.249789,11.05528125,0.036951,-1.95,,3.300717,0.0044199,3_01,,-24924.62
E342,5/26/2025,10:46:43 PM,0,0,-1.25,-1.251452,11.62617188,0.053759,-2.08,,3.30065,0.0044149,3_02,,-24559.25
E343,5/26/2025,10:46:53 PM,0,0.1,-1.25,-1.249367,10.33945313,0.053675,-1.96,,3.300593,0.0044304,3_03,,-25382.75
E344,5/26/2025,10:47:02 PM,0,0,-1.25,-1.250342,9.502546875,0.03299,-2,,3.300762,0.0044,3_04,,-25918.37
E345,5/26/2025,10:47:12 PM,0,-0.1,-1.25,-1.249108,10.75585938,1.80438,-1.22,,3.300661,0.0044003,3_05,,-25116.25
E346,5/26/2025,10:47:22 PM,0,-0.1,-1.25,-1.249615,10.44179688,0.005063,-1.49,,3.140184,0.0291573,3_06,,-25317.25
E347,5/26/2025,10:47:32 PM,0,0,-1.25,-1.249151,11.68046875,2.702925,-1.19,,3.299747,0.0044475,3_07,,-24524.5
E348,5/26/2025,10:47:42 PM,0,0,-1.25,-1.248708,10.86973438,0.001413,-1.2,,3.300638,0.0044149,3_08,,-25043.37
E349,5/26/2025,10:47:52 PM,0,0,-1.25,-1.244393,11.3015625,0.114832,-1.38,,3.301248,0.0043223,3_09,,-24767
E350,5/26/2025,10:48:02 PM,0,0,-1.25,-1.248869,11.77578125,0.000969,-1.4,,3.300232,0.0044297,3_10,,-24463.5
E351,5/26/2025,10:48:12 PM,0,0,-1.25,-1.24746,10.73457813,0.001981,-1.29,,3.300322,0.0044113,4_01,,-25129.87
E352,5/26/2025,10:48:22 PM,0,0,-1.25,-1.247184,10.570125,0.001393,-1.24,,3.300356,0.0044669,4_02,,-25235.12
E353,5/26/2025,10:48:32 PM,0,0,-1.25,-1.250576,-1.2,0.002002,-1.33,,3.30285,0.0040578,4_03,,-32768
E354,5/26/2025,10:48:42 PM,0,0,-1.25,-1.250967,10.73828125,0.189033,-0.83,,3.299668,0.0043714,4_04,,-25127.5
E355,5/26/2025,10:48:52 PM,0,0,-1.25,-1.249045,10.3123125,0.014925,-1.23,,3.30127,0.0043114,4_05,,-25400.12
E356,5/26/2025,10:49:01 PM,0,0,-1.25,-1.250006,9.85996875,0.110045,-1.29,,3.300525,0.004419,4_06,,-25689.62
E321,5/26/2025,10:50:08 PM,0,-0.1,-0.625,-0.624549,30.970125,0.025285,-0.93,,3.299758,0.0044528,1_01,,-12179.12
E322,5/26/2025,10:50:18 PM,0,-0.1,-0.625,-0.624582,31.38359375,0.007924,-1.08,,3.299679,0.0045057,1_02,,-11914.5
E323,5/26/2025,10:50:28 PM,0,0,-0.625,-0.625153,30.55215625,0.030314,-0.96,,3.300176,0.0043953,1_03,,-12446.62
E324,5/26/2025,10:50:38 PM,0,-0.1,-0.625,-0.624739,30.08028125,0.007295,-1.14,,3.300571,0.0043767,1_04,,-12748.62
E325,5/26/2025,10:50:48 PM,0,-0.1,-0.625,-0.624329,31.10059375,0.005854,-1.19,,3.299781,0.0044929,1_05,,-12095.62
E326,5/26/2025,10:50:57 PM,0,-0.1,-0.625,-0.62326,30.40645313,0.007435,-1.14,,3.300153,0.0044418,1_06,,-12539.87
E327,5/26/2025,10:51:07 PM,0,-0.1,-0.625,-0.624427,30.6123125,0.027515,-1.13,,3.300085,0.0044301,1_07,,-12408.12
E329,5/26/2025,10:51:28 PM,0,0,-0.625,-0.62471,30.38184375,0.004857,-1.25,,3.242429,0.0044113,1_09,,-12555.62
E330,5/26/2025,10:51:38 PM,0,0,-0.625,-0.624502,30.49726563,0.003861,-1.07,,3.300582,0.0043574,1_10,,-12481.75
E331,5/26/2025,10:51:48 PM,0,-0.1,-0.625,-0.623387,30.9421875,0.001879,-1.26,,3.299679,0.0044394,2_01,,-12197
E333,5/26/2025,10:52:08 PM,0,0,-0.625,-0.624428,29.94453125,0.001812,-1.32,,3.300368,0.0043403,2_03,,-12835.5
E334,5/26/2025,10:52:18 PM,0,0.1,-0.625,-0.625446,30.60840625,0.007979,-1.38,,3.30004,0.0044514,2_04,,-12410.62
E335,5/26/2025,10:52:28 PM,0,0.1,-0.625,-0.625312,30.33398438,0.002907,-1.35,,3.29907,0.0044873,2_05,,-12586.25
E336,5/26/2025,10:52:38 PM,0,0,-0.625,-0.624389,30.42421875,0.00296,-1.25,,3.299905,0.0044752,2_06,,-12528.5
E337,5/26/2025,10:52:48 PM,0,0,-0.625,-0.624092,30.29825,0.001468,-1.88,,3.299611,0.0044579,2_07,,-12609.12
E338,5/26/2025,10:52:57 PM,0,0.1,-0.625,-0.625172,29.90098438,0.00977,-1.88,,3.300255,0.0043929,2_08,,-12863.37
E339,5/26/2025,10:53:07 PM,0,0.1,-0.625,-0.622723,29.99882813,0.004788,-1.97,,3.300119,0.0044182,2_09,,-12800.75
E340,5/26/2025,10:53:17 PM,0,0.1,-0.625,-0.623734,30.41348438,0.002245,-1.98,,3.300176,0.0044011,2_10,,-12535.37
E341,5/26/2025,10:53:27 PM,0,0.1,-0.625,-0.624349,30.9671875,0.039549,-1.94,,3.300187,0.0044495,3_01,,-12181
E342,5/26/2025,10:53:37 PM,0,0.1,-0.625,-0.622923,31.50996875,0.069304,-2.07,,3.300176,0.0044459,3_02,,-11833.62
E343,5/26/2025,10:53:47 PM,0,0,-0.625,-0.62287,30.23242188,0.069665,-1.95,,3.300051,0.0044635,3_03,,-12651.25
E344,5/26/2025,10:53:57 PM,0,0,-0.625,-0.622271,29.55078125,0.03439,-1.99,,3.300311,0.004435,3_04,,-13087.5
E345,5/26/2025,10:54:07 PM,0,0,-0.625,-0.6252,30.37715625,1.941326,-1.12,,3.300198,0.0044296,3_05,,-12558.62
E346,5/26/2025,10:54:17 PM,0,0.1,-0.625,-0.62407,30.61367188,0.004746,-1.42,,3.139801,0.0291807,3_06,,-12407.25
E347,5/26/2025,10:54:27 PM,0,0,-0.625,-0.623662,31.46875,2.376611,-1.09,,3.29942,0.004475,3_07,,-11860
E348,5/26/2025,10:54:37 PM,0,0,-0.625,-0.624985,30.55020313,0.001003,-1.12,,3.300232,0.0044443,3_08,,-12447.87
E349,5/26/2025,10:54:47 PM,0,0,-0.625,-0.624276,31.46875,0.11454,-1.27,,3.300819,0.0043489,3_09,,-11860
E350,5/26/2025,10:54:56 PM,0,0,-0.625,-0.624325,31.30645313,0.000785,-1.32,,3.299837,0.0044578,3_10,,-11963.87
E351,5/26/2025,10:55:06 PM,0,-0.1,-0.625,-0.624644,30.5591875,0.0018,-1.19,,3.299758,0.0044455,4_01,,-12442.12
E352,5/26/2025,10:55:16 PM,0,-0.1,-0.625,-0.62576,29.97617188,0.002182,-1.16,,3.299724,0.0044999,4_02,,-12815.25
E353,5/26/2025,10:55:26 PM,0,-0.1,-0.625,-0.623634,15.58926563,0.002213,-1.04,,3.300379,0.0043806,4_03,,-22022.87
E354,5/26/2025,10:55:36 PM,0,0,-0.625,-0.621434,30.88457813,0.138882,-0.75,,3.299634,0.0044011,4_04,,-12233.87
E355,5/26/2025,10:55:46 PM,0,0,-0.625,-0.624358,30.37598438,0.010007,-1.12,,3.300683,0.0043421,4_05,,-12559.37
E356,5/26/2025,10:55:56 PM,0,0,-0.625,-0.622814,29.82832813,0.112807,-1.15,,3.299894,0.0044558,4_06,,-12909.87
E321,5/26/2025,10:57:02 PM,0,-0.1,0,0.001451,50.6689375,0.026113,-0.8,,3.299329,0.0044601,1_01,,428.12
E322,5/26/2025,10:57:12 PM,0,-0.1,0,0.00019,51.25682813,0.008365,-1.01,,3.299363,0.004511,1_02,,804.37
E323,5/26/2025,10:57:22 PM,0,0,0,0.00081,50.63221875,0.032116,-0.86,,3.299826,0.0044012,1_03,,404.62
E324,5/26/2025,10:57:32 PM,0,0,0,0.001119,49.95625,0.007758,-1.06,,3.300153,0.0043858,1_04,,-28
E325,5/26/2025,10:57:42 PM,0,0,0,0.000213,51.03125,0.007478,-1.05,,3.299431,0.0044998,1_05,,660
E326,5/26/2025,10:57:52 PM,0,0.1,0,0.000627,50.5984375,0.007928,-1.02,,3.299724,0.0044492,1_06,,383
E327,5/26/2025,10:58:02 PM,0,0.1,0,-0.000066,50.77753125,0.029932,-0.99,,3.299724,0.0044398,1_07,,497.62
E329,5/26/2025,10:58:22 PM,0,0,0,0.001397,50.32539063,0.004803,-1.14,,3.241898,0.0044182,1_09,,208.25
E330,5/26/2025,10:58:32 PM,0,0,0,0.000401,50.60760938,0.003614,-0.92,,3.300198,0.004364,1_10,,388.87
E331,5/26/2025,10:58:42 PM,0,0.1,0,0.000801,51.00390625,0.003551,-1.1,,3.299329,0.004447,2_01,,642.5
E333,5/26/2025,10:59:02 PM,0,0.1,0,0.000913,49.76934375,0.001964,-1.22,,3.300006,0.0043505,2_03,,-147.62
E334,5/26/2025,10:59:12 PM,0,0.1,0,0.001904,50.53182813,0.007246,-1.29,,3.299611,0.0044606,2_04,,340.37
E335,5/26/2025,10:59:22 PM,0,0,0,0.001114,50.1921875,0.003155,-1.27,,3.298686,0.0044979,2_05,,123
E336,5/26/2025,10:59:32 PM,0,0,0,0.000726,50.27304688,0.002888,-1.17,,3.299431,0.0044827,2_06,,174.75
E337,5/26/2025,10:59:42 PM,0,0,0,-0.000111,50.25429688,0.001926,-1.81,,3.299216,0.0044654,2_07,,162.75
E338,5/26/2025,10:59:52 PM,0,0,0,-0.000038,49.72754688,0.011177,-1.79,,3.299837,0.0044026,2_08,,-174.37
E339,5/26/2025,11:00:02 PM,0,0,0,0.000951,50.3439375,0.005524,-1.87,,3.299792,0.0044242,2_09,,220.12
E340,5/26/2025,11:00:12 PM,0,0,0,-0.000891,50.58221875,0.002284,-1.87,,3.299815,0.0044063,2_10,,372.62
E341,5/26/2025,11:00:22 PM,0,-0.1,0,0.000826,51.0859375,0.043568,-1.86,,3.299837,0.0044553,3_01,,695
E342,5/26/2025,11:00:31 PM,0,-0.1,0,0.000536,51.31484375,0.073999,-1.99,,3.299848,0.0044532,3_02,,841.5
E343,5/26/2025,11:00:41 PM,0,0,0,0.00165,50.303125,0.076286,-1.83,,3.29986,0.0044706,3_03,,194
E344,5/26/2025,11:00:51 PM,0,0,0,0.001659,49.370125,0.036065,-1.88,,3.300051,0.0044427,3_04,,-403.12
E345,5/26/2025,11:01:01 PM,0,-0.1,0,0.001086,50.184375,1.569183,-1.06,,3.299905,0.0044373,3_05,,118
E346,5/26/2025,11:01:11 PM,0,-0.1,0,-0.000248,50.48534375,0.004484,-1.33,,3.139518,0.0291833,3_06,,310.62
E347,5/26/2025,11:01:21 PM,0,0,0,0.00042,51.19315625,1.839093,-1.05,,3.299205,0.0044817,3_07,,763.62
E348,5/26/2025,11:01:31 PM,0,0,0,0.001274,50.3814375,-0.000448,-1.04,,3.29986,0.0044518,3_08,,244.12
E349,5/26/2025,11:01:41 PM,0,0.1,0,-0.000556,51.49882813,0.113361,-1.16,,3.300401,0.0043559,3_09,,959.25
E350,5/26/2025,11:01:51 PM,0,0.1,0,-0.000491,51.20976563,0.000617,-1.21,,3.299397,0.0044646,3_10,,774.25
E351,5/26/2025,11:02:01 PM,0,0.1,0,0.000367,50.34745313,0.001749,-1.08,,3.29942,0.0044542,4_01,,222.37
E352,5/26/2025,11:02:11 PM,0,0,0,0.000368,49.53828125,0.001971,-1.03,,3.299465,0.0045112,4_02,,-295.5
E353,5/26/2025,11:02:20 PM,0,0,0,0.002873,45.42109375,0.001592,-0.97,,3.299916,0.0044055,4_03,,-2930.5
E354,5/26/2025,11:02:30 PM,0,0,0,0.000244,51.07284375,0.047259,-0.66,,3.300006,0.0044069,4_04,,686.62
E355,5/26/2025,11:02:40 PM,0,0,0,-0.001301,50.65526563,0.005553,-0.99,,3.300334,0.004347,4_05,,419.37
E356,5/26/2025,11:02:50 PM,0,0,0,-0.000731,49.87929688,0.055361,-1.06,,3.299363,0.0044641,4_06,,-77.25
E321,5/26/2025,11:03:56 PM,0,0,0.625,0.624929,70.47440625,0.026575,-0.73,,3.299318,0.0044576,1_01,,13103.62
E322,5/26/2025,11:04:06 PM,0,0,0.625,0.624551,71.17109375,0.008754,-0.92,,3.299329,0.0045103,1_02,,13549.5
E323,5/26/2025,11:04:16 PM,0,0,0.625,0.626162,70.62226563,0.033224,-0.78,,3.299758,0.0043981,1_03,,13198.25
E324,5/26/2025,11:04:26 PM,0,0,0.625,0.625035,69.996875,0.008355,-0.99,,3.300063,0.0043794,1_04,,12798
E325,5/26/2025,11:04:36 PM,0,0,0.625,0.625032,70.86484375,0.007526,-0.99,,3.299284,0.0044979,1_05,,13353.5
E326,5/26/2025,11:04:46 PM,0,-0.1,0.625,0.624489,70.58182813,0.008935,-0.96,,3.299668,0.0044469,1_06,,13172.37
E327,5/26/2025,11:04:56 PM,0,-0.1,0.625,0.625411,70.54726563,0.031323,-0.92,,3.299577,0.0044402,1_07,,13150.25
E329,5/26/2025,11:05:16 PM,0,0.1,0.625,0.626182,70.33125,0.005214,-1.05,,3.242575,0.0044175,1_09,,13012
E330,5/26/2025,11:05:26 PM,0,0.1,0.625,0.626737,70.3140625,0.004149,-0.86,,3.300164,0.00436,1_10,,13001
E331,5/26/2025,11:05:35 PM,0,0,0.625,0.627109,70.72265625,0.002774,-1.03,,3.299284,0.0044455,2_01,,13262.5
E333,5/26/2025,11:05:56 PM,0,0,0.625,0.627376,69.67635938,0.001197,-1.15,,3.299984,0.004344,2_03,,12592.87
E334,5/26/2025,11:06:05 PM,0,0,0.625,0.62606,70.50292188,0.00785,-1.24,,3.299555,0.0044604,2_04,,13121.87
E335,5/26/2025,11:06:15 PM,0,0,0.625,0.625961,70.11932813,0.002129,-1.24,,3.29872,0.004493,2_05,,12876.37
E336,5/26/2025,11:06:25 PM,0,-0.1,0.625,0.626117,70.33789063,0.003486,-1.1,,3.299476,0.0044803,2_06,,13016.25
E337,5/26/2025,11:06:35 PM,0,0,0.625,0.627832,70.36932813,0.001438,-1.69,,3.299228,0.0044629,2_07,,13036.37
E338,5/26/2025,11:06:45 PM,0,0,0.625,0.626453,69.72460938,0.012008,-1.66,,3.299871,0.0043971,2_08,,12623.75
E339,5/26/2025,11:06:55 PM,0,0,0.625,0.626055,70.3205,0.004721,-1.77,,3.299702,0.0044213,2_09,,13005.12
E340,5/26/2025,11:07:05 PM,0,-0.1,0.625,0.624913,70.69414063,0.0019,-1.76,,3.299871,0.0044035,2_10,,13244.25
E341,5/26/2025,11:07:15 PM,0,0,0.625,0.626021,70.94960938,0.045047,-1.7,,3.299848,0.0044549,3_01,,13407.75
E342,5/26/2025,11:07:25 PM,0,0,0.625,0.626996,71.06776563,0.075777,-1.82,,3.299905,0.0044547,3_02,,13483.37
E343,5/26/2025,11:07:35 PM,0,0,0.625,0.625516,70.24589063,0.078152,-1.69,,3.299826,0.0044681,3_03,,12957.37
E344,5/26/2025,11:07:45 PM,0,0,0.625,0.623948,69.6595625,0.036029,-1.7,,3.300209,0.0044331,3_04,,12582.12
E345,5/26/2025,11:07:55 PM,0,0.1,0.625,0.6244,70.03046875,1.319395,-0.93,,3.299972,0.0044309,3_05,,12819.5
E346,5/26/2025,11:08:05 PM,0,0.1,0.625,0.624736,70.33828125,0.003947,-1.25,,3.13962,0.0291748,3_06,,13016.5
E347,5/26/2025,11:08:14 PM,0,0.1,0.625,0.626353,71.10273438,1.596866,-0.93,,3.299104,0.0044785,3_07,,13505.75
E348,5/26/2025,11:08:24 PM,0,0,0.625,0.627288,70.379875,0.001211,-0.96,,3.299905,0.0044479,3_08,,13043.12
E349,5/26/2025,11:08:34 PM,0,0,0.625,0.627303,71.37284375,0.099548,-1.06,,3.300435,0.0043577,3_09,,13678.62
E350,5/26/2025,11:08:44 PM,0,0,0.625,0.626094,71.04628125,0.000551,-1.08,,3.299442,0.0044646,3_10,,13469.62
E351,5/26/2025,11:08:54 PM,0,0,0.625,0.625998,70.48221875,0.001473,-0.97,,3.299465,0.0044532,4_01,,13108.62
E352,5/26/2025,11:09:04 PM,0,0,0.625,0.6277,69.69198438,0.001947,-0.92,,3.299408,0.004507,4_02,,12602.87
E353,5/26/2025,11:09:14 PM,0,-0.1,0.625,0.623955,70.7283125,0.001748,-0.83,,3.300051,0.0043988,4_03,,13266.12
E354,5/26/2025,11:09:24 PM,0,-0.1,0.625,0.623754,70.92909375,0.034075,-0.49,,3.300006,0.0044068,4_04,,13394.62
E355,5/26/2025,11:09:34 PM,0,0,0.625,0.625051,70.5640625,0.004346,-0.91,,3.300424,0.0043438,4_05,,13161
E356,5/26/2025,11:09:44 PM,0,0,0.625,0.623519,70.03515625,0.030772,-0.95,,3.299442,0.004457,4_06,,12822.5
E321,5/26/2025,11:10:52 PM,0,0,1.25,1.250345,90.38378125,0.026814,-0.7,,3.299476,0.0044361,1_01,,25845.62
E322,5/26/2025,11:11:02 PM,0,0.1,1.25,1.249831,90.93007813,0.008849,-0.88,,3.2996,0.0044857,1_02,,26195.25
E323,5/26/2025,11:11:12 PM,0,0.1,1.25,1.249623,90.52539063,0.034625,-0.77,,3.299905,0.0043772,1_03,,25936.25
E324,5/26/2025,11:11:22 PM,0,0,1.25,1.251779,90.07617188,0.009354,-0.99,,3.300356,0.0043617,1_04,,25648.75
E325,5/26/2025,11:11:32 PM,0,0,1.25,1.250928,90.7470625,0.008244,-0.95,,3.299623,0.0044784,1_05,,26078.12
E326,5/26/2025,11:11:42 PM,0,0,1.25,1.248732,90.31953125,0.008632,-0.9,,3.299916,0.0044264,1_06,,25804.5
E327,5/26/2025,11:11:52 PM,0,0,1.25,1.249288,90.4564375,0.030838,-0.84,,3.299871,0.004424,1_07,,25892.12
E329,5/26/2025,11:12:12 PM,0,0,1.25,1.251219,90.1626875,0.00526,-1.01,,3.242463,0.0043979,1_09,,25704.12
E330,5/26/2025,11:12:22 PM,0,0,1.25,1.250988,90.48007813,0.003547,-0.82,,3.300492,0.0043404,1_10,,25907.25
E331,5/26/2025,11:12:32 PM,0,0,1.25,1.251173,90.50448438,0.002606,-0.96,,3.299623,0.0044257,2_01,,25922.87
E333,5/26/2025,11:12:52 PM,0,0,1.25,1.251494,89.86640625,0.002332,-1.1,,3.300277,0.0043286,2_03,,25514.5
E334,5/26/2025,11:13:02 PM,0,0,1.25,1.252285,90.18495313,0.006016,-1.15,,3.299916,0.0044441,2_04,,25718.37
E335,5/26/2025,11:13:12 PM,0,0,1.25,1.251421,90.10878125,0.003481,-1.2,,3.299047,0.0044748,2_05,,25669.62
E336,5/26/2025,11:13:22 PM,0,-0.1,1.25,1.253185,90.5234375,0.003258,-1.03,,3.299769,0.0044608,2_06,,25935
E337,5/26/2025,11:13:32 PM,0,-0.1,1.25,1.25005,90.60664063,0.001398,-1.56,,3.299532,0.0044434,2_07,,25988.25
E338,5/26/2025,11:13:42 PM,0,-0.1,1.25,1.248979,89.90742188,0.011317,-1.54,,3.30013,0.0043813,2_08,,25540.75
E339,5/26/2025,11:13:52 PM,0,0,1.25,1.24941,90.06307813,0.005413,-1.63,,3.300074,0.0044025,2_09,,25640.37
E340,5/26/2025,11:14:02 PM,0,0,1.25,1.249954,90.42695313,0.002326,-1.63,,3.300153,0.004383,2_10,,25873.25
E341,5/26/2025,11:14:12 PM,0,-0.1,1.25,1.25083,90.75096875,0.045539,-1.57,,3.300187,0.0044341,3_01,,26080.62
E342,5/26/2025,11:14:21 PM,0,-0.1,1.25,1.249255,90.80253125,0.0745,-1.65,,3.300153,0.004436,3_02,,26113.62
E343,5/26/2025,11:14:31 PM,0,0,1.25,1.250324,90.33885938,0.075655,-1.52,,3.300142,0.0044502,3_03,,25816.87
E344,5/26/2025,11:14:41 PM,0,0,1.25,1.248625,89.85175,0.035349,-1.56,,3.300447,0.0044143,3_04,,25505.12
E345,5/26/2025,11:14:51 PM,0,0,1.25,1.252144,90.11229688,1.121632,-0.88,,3.299927,0.0044116,3_05,,25671.87
E346,5/26/2025,11:15:01 PM,0,0,1.25,1.250027,90.34784375,0.002295,-1.15,,3.139925,0.0291483,3_06,,25822.62
E347,5/26/2025,11:15:11 PM,0,0,1.25,1.250367,91.13846875,1.354311,-0.86,,3.299498,0.0044563,3_07,,26328.62
E348,5/26/2025,11:15:21 PM,0,0,1.25,1.251346,90.56445313,-0.000348,-0.87,,3.300221,0.0044281,3_08,,25961.25
E349,5/26/2025,11:15:31 PM,0,0,1.25,1.248996,91.12479688,0.080961,-0.93,,3.30083,0.0043326,3_09,,26319.87
E350,5/26/2025,11:15:41 PM,0,0,1.25,1.248289,91.18359375,0.001096,-0.97,,3.29986,0.0044408,3_10,,26357.5
E351,5/26/2025,11:15:51 PM,0,0,1.25,1.250516,90.717375,0.00184,-0.86,,3.299837,0.0044339,4_01,,26059.12
E352,5/26/2025,11:16:01 PM,0,0,1.25,1.251172,89.82753125,0.00103,-0.81,,3.299815,0.0044916,4_02,,25489.62
E353,5/26/2025,11:16:11 PM,0,0,1.25,1.251648,91.26073438,0.002079,-0.74,,3.300435,0.0043766,4_03,,26406.87
E354,5/26/2025,11:16:21 PM,0,0,1.25,1.250489,90.54648438,0.02723,-0.37,,3.300548,0.0043867,4_04,,25949.75
E355,5/26/2025,11:16:30 PM,0,0.1,1.25,1.251049,90.21132813,0.003599,-0.79,,3.300887,0.0043237,4_05,,25735.25
E356,5/26/2025,11:16:40 PM,0,0,1.25,1.250615,90.08885938,0.024696,-0.85,,3.300063,0.0044391,4_06,,25656.87
E321,5/26/2025,11:17:36 PM,0,0.1,0,0.000168,50.74804688,0.026462,-0.63,,3.299544,0.0044602,1_01,,478.75
E322,5/26/2025,11:17:46 PM,0,0,0,0.000515,51.34296875,0.008948,-0.81,,3.299487,0.0045114,1_02,,859.5
E323,5/26/2025,11:17:56 PM,0,-0.1,0,0.001594,50.53242188,0.036168,-0.73,,3.299961,0.0044021,1_03,,340.75
E324,5/26/2025,11:18:06 PM,0,-0.1,0,0.000403,49.88828125,0.009208,-0.88,,3.300266,0.0043852,1_04,,-71.5
E325,5/26/2025,11:18:16 PM,0,0,0,0.000661,50.95,0.007668,-0.88,,3.299668,0.0044994,1_05,,608
E326,5/26/2025,11:18:26 PM,0,-0.1,0,-0.001264,50.6001875,0.008855,-0.84,,3.29995,0.0044486,1_06,,384.12
E327,5/26/2025,11:18:36 PM,0,-0.1,0,0.001526,50.58925,0.032485,-0.8,,3.299905,0.0044401,1_07,,377.12
E329,5/26/2025,11:18:56 PM,0,-0.1,0,-0.000825,50.39471875,0.005543,-0.96,,3.2391,0.0044186,1_09,,252.62
E330,5/26/2025,11:19:06 PM,0,-0.1,0,0.001547,50.4890625,0.004203,-0.77,,3.300413,0.0043637,1_10,,313
E331,5/26/2025,11:19:16 PM,0,-0.1,0,0.000041,50.9171875,0.003043,-0.95,,3.299532,0.0044477,2_01,,587
E333,5/26/2025,11:19:36 PM,0,0,0,-0.001244,49.7640625,0.001783,-1.04,,3.300243,0.0043496,2_03,,-151
E334,5/26/2025,11:19:46 PM,0,0,0,0.001749,50.51015625,0.006576,-1.1,,3.299894,0.0044607,2_04,,326.5
E335,5/26/2025,11:19:56 PM,0,0.1,0,-0.000053,50.2296875,0.003349,-1.1,,3.298979,0.0044976,2_05,,147
E336,5/26/2025,11:20:06 PM,0,0,0,0.000015,50.30742188,0.00275,-0.98,,3.299758,0.0044832,2_06,,196.75
E337,5/26/2025,11:20:16 PM,0,0,0,0.001444,50.29648438,0.001581,-1.44,,3.299465,0.0044668,2_07,,189.75
E338,5/26/2025,11:20:26 PM,0,0,0,-0.000765,49.73653125,0.012769,-1.39,,3.300153,0.0044028,2_08,,-168.62
E339,5/26/2025,11:20:36 PM,0,0,0,0.001312,50.12948438,0.006368,-1.49,,3.300029,0.0044241,2_09,,82.87
E340,5/26/2025,11:20:46 PM,0,0,0,0.000156,50.5283125,0.002035,-1.49,,3.300119,0.0044076,2_10,,338.12
E341,5/26/2025,11:20:56 PM,0,0.1,0,-0.000344,50.85117188,0.044928,-1.39,,3.300108,0.0044567,3_01,,544.75
E342,5/26/2025,11:21:06 PM,0,0.1,0,0.001689,51.10664063,0.073287,-1.51,,3.300085,0.0044555,3_02,,708.25
E343,5/26/2025,11:21:16 PM,0,0.1,0,0.002449,50.22909375,0.075621,-1.37,,3.299995,0.0044705,3_03,,146.62
E344,5/26/2025,11:21:26 PM,0,0.1,0,-0.000379,49.48028125,0.03349,-1.4,,3.300266,0.0044428,3_04,,-332.62
E345,5/26/2025,11:21:35 PM,0,0,0,0.000668,50.1265625,1.023179,-0.81,,3.299803,0.0044367,3_05,,81
E346,5/26/2025,11:21:45 PM,0,0,0,0.000983,50.47734375,0.001911,-1.11,,3.139857,0.0291655,3_06,,305.5
E347,5/26/2025,11:21:55 PM,0,0.1,0,-0.000661,51.28789063,1.292254,-0.77,,3.29942,0.0044826,3_07,,824.25
E348,5/26/2025,11:22:05 PM,0,0.1,0,-0.000643,50.30859375,0.000606,-0.79,,3.300142,0.0044519,3_08,,197.5
E349,5/26/2025,11:22:15 PM,0,0,0,0.00037,51.46503125,0.06946,-0.85,,3.300774,0.0043562,3_09,,937.62
E350,5/26/2025,11:22:25 PM,0,0,0,0.000559,51.10721875,0.002222,-0.87,,3.299769,0.0044649,3_10,,708.62
E351,5/26/2025,11:22:35 PM,0,0,0,-0.00024,50.42245313,0.000783,-0.8,,3.299837,0.0044538,4_01,,270.37
E352,5/26/2025,11:22:45 PM,0,-0.1,0,-0.000676,49.57265625,0.001094,-0.76,,3.299815,0.0045109,4_02,,-273.5
E353,5/26/2025,11:22:55 PM,0,-0.1,0,0.001229,45.58653125,0.002103,-0.67,,3.300345,0.0044062,4_03,,-2824.62
E354,5/26/2025,11:23:05 PM,0,0,0,0.001085,50.9484375,0.018891,-0.29,,3.300401,0.0044078,4_04,,607
E355,5/26/2025,11:23:15 PM,0,0,0,-0.001099,50.44589063,0.002066,-0.7,,3.300808,0.0043474,4_05,,285.37
E356,5/26/2025,11:23:25 PM,0,-0.1,0,0.000958,49.9328125,0.020001,-0.78,,3.299939,0.0044633,4_06,,-43
E321,5/26/2025,11:24:29 PM,0,0,-1.25,-1.249043,10.93242188,0.026506,-0.66,,3.300119,0.0044227,1_01,,-25003.25
E322,5/26/2025,11:24:39 PM,0,0,-1.25,-1.248119,11.42246875,0.009477,-0.82,,3.300097,0.0044803,1_02,,-24689.62
E323,5/26/2025,11:24:49 PM,0,0,-1.25,-1.250026,10.72207813,0.036703,-0.68,,3.300525,0.0043664,1_03,,-25137.87
E324,5/26/2025,11:24:59 PM,0,0.1,-1.25,-1.249444,10.24239063,0.009153,-0.88,,3.300988,0.0043439,1_04,,-25444.87
E325,5/26/2025,11:25:09 PM,0,0,-1.25,-1.250316,11.034375,0.008667,-0.91,,3.300243,0.0044593,1_05,,-24938
E326,5/26/2025,11:25:19 PM,0,0,-1.25,-1.249464,10.26054688,0.009365,-0.85,,3.300492,0.0044064,1_06,,-25433.25
E327,5/26/2025,11:25:29 PM,0,0,-1.25,-1.249903,10.66817188,0.031174,-0.81,,3.300492,0.0043967,1_07,,-25172.37
E329,5/26/2025,11:25:49 PM,0,0,-1.25,-1.24847,10.29864063,0.005601,-0.96,,3.238671,0.0043772,1_09,,-25408.87
E330,5/26/2025,11:25:59 PM,0,0,-1.25,-1.250871,10.73515625,0.004324,-0.79,,3.301,0.0043289,1_10,,-25129.5
E331,5/26/2025,11:26:09 PM,0,0,-1.25,-1.250255,10.86192188,0.003215,-0.93,,3.300063,0.0044058,2_01,,-25048.37
E333,5/26/2025,11:26:29 PM,0,0,-1.25,-1.249568,10.4046875,0.002416,-1.02,,3.300842,0.0043094,2_03,,-25341
E334,5/26/2025,11:26:39 PM,0,0,-1.25,-1.249389,10.56367188,0.006091,-1.1,,3.30039,0.0044179,2_04,,-25239.25
E335,5/26/2025,11:26:49 PM,0,0,-1.25,-1.248432,10.48809375,0.003106,-1.11,,3.29951,0.0044534,2_05,,-25287.62
E336,5/26/2025,11:26:59 PM,0,0,-1.25,-1.250705,10.5795,0.002817,-0.96,,3.300255,0.0044426,2_06,,-25229.12
E337,5/26/2025,11:27:09 PM,0,0,-1.25,-1.249409,10.38828125,0.001946,-1.39,,3.30004,0.0044237,2_07,,-25351.5
E338,5/26/2025,11:27:19 PM,0,0,-1.25,-1.248227,10.35371875,0.012289,-1.34,,3.300683,0.004361,2_08,,-25373.62
E339,5/26/2025,11:27:29 PM,0,0,-1.25,-1.248797,9.8029375,0.006661,-1.44,,3.300582,0.0043845,2_09,,-25726.12
E340,5/26/2025,11:27:39 PM,0,0,-1.25,-1.250269,10.10546875,0.002254,-1.41,,3.300627,0.00437,2_10,,-25532.5
E341,5/26/2025,11:27:49 PM,0,-0.1,-1.25,-1.250188,11.11054688,0.04604,-1.34,,3.300627,0.0044188,3_01,,-24889.25
E342,5/26/2025,11:27:59 PM,0,-0.1,-1.25,-1.250882,11.53828125,0.073668,-1.47,,3.300593,0.0044139,3_02,,-24615.5
E343,5/26/2025,11:28:09 PM,0,0,-1.25,-1.250999,10.32325,0.075959,-1.29,,3.300503,0.0044308,3_03,,-25393.12
E344,5/26/2025,11:28:19 PM,0,0,-1.25,-1.251408,9.435546875,0.032578,-1.35,,3.300729,0.0043994,3_04,,-25961.25
E345,5/26/2025,11:28:29 PM,0,0,-1.25,-1.249314,10.75215625,0.489543,-0.79,,3.299081,0.0043992,3_05,,-25118.62
E346,5/26/2025,11:28:39 PM,0,0,-1.25,-1.248779,10.357625,0.002074,-1.13,,3.140331,0.0291232,3_06,,-25371.12
E347,5/26/2025,11:28:48 PM,0,0,-1.25,-1.250081,11.7045,1.884347,-0.81,,3.299939,0.0044475,3_07,,-24509.12
E348,5/26/2025,11:28:58 PM,0,-0.1,-1.25,-1.249783,10.99864063,-0.00006,-0.8,,3.300582,0.0044158,3_08,,-24960.87
E349,5/26/2025,11:29:08 PM,0,0,-1.25,-1.249954,11.41171875,0.060057,-0.86,,3.301203,0.0043213,3_09,,-24696.5
E350,5/26/2025,11:29:18 PM,0,0,-1.25,-1.249805,11.58203125,0.000953,-0.86,,3.300232,0.0044297,3_10,,-24587.5
E351,5/26/2025,11:29:28 PM,0,0,-1.25,-1.248793,10.84121875,0.001194,-0.8,,3.300311,0.0044114,4_01,,-25061.62
E352,5/26/2025,11:29:38 PM,0,0.1,-1.25,-1.250285,10.60020313,0.001093,-0.76,,3.300289,0.0044655,4_02,,-25215.87
E353,5/26/2025,11:29:48 PM,0,0,-1.25,-1.250904,-1.2,0.001792,-0.87,,3.302862,0.0040578,4_03,,-32768
E354,5/26/2025,11:29:58 PM,0,0,-1.25,-1.247399,10.63223438,0.017777,-0.27,,3.300898,0.0043703,4_04,,-25195.37
E355,5/26/2025,11:30:08 PM,0,0,-1.25,-1.249877,10.36348438,0.003183,-0.68,,3.301304,0.0043115,4_05,,-25367.37
E356,5/26/2025,11:30:18 PM,0,0.1,-1.25,-1.24902,9.793359375,0.018512,-0.76,,3.300514,0.0044187,4_06,,-25732.25
E321,5/27/2025,12:25:25 AM,10,9.9,-1.25,-1.249739,10.89765625,0.041612,9.56,,3.300322,0.0044192,1_01,,-25025.5
E322,5/27/2025,12:25:35 AM,10,9.9,-1.25,-1.250095,10.79317188,0.017742,9.44,,3.300187,0.004475,1_02,,-25092.37
E323,5/27/2025,12:25:45 AM,10,10,-1.25,-1.249848,10.43125,0.084571,9.52,,3.300582,0.0043622,1_03,,-25324
E324,5/27/2025,12:25:55 AM,10,10,-1.25,-1.250129,10.39082813,0.018698,9.37,,3.301067,0.0043407,1_04,,-25349.87
E325,5/27/2025,12:26:04 AM,10,10,-1.25,-1.249225,10.44140625,0.015681,9.36,,3.300334,0.0044571,1_05,,-25317.5
E326,5/27/2025,12:26:14 AM,10,10.1,-1.25,-1.249368,10.39317188,0.018399,9.43,,3.300672,0.0044054,1_06,,-25348.37
E327,5/27/2025,12:26:24 AM,10,10.1,-1.25,-1.249748,10.44434375,0.070681,9.46,,3.300695,0.0043926,1_07,,-25315.62
E329,5/27/2025,12:26:44 AM,10,10,-1.25,-1.249405,10.2404375,0.011042,9.32,,3.249584,0.0043755,1_09,,-25446.12
E330,5/27/2025,12:26:54 AM,10,9.9,-1.25,-1.249463,10.42403125,0.00922,9.46,,3.301124,0.0043257,1_10,,-25328.62
E331,5/27/2025,12:27:04 AM,10,9.9,-1.25,-1.249527,10.440625,0.00572,9.34,,3.300221,0.0044037,2_01,,-25318
E333,5/27/2025,12:27:24 AM,10,10,-1.25,-1.249503,10.46445313,0.005526,9.34,,3.300932,0.00431,2_03,,-25302.75
E334,5/27/2025,12:27:34 AM,10,10,-1.25,-1.250643,10.520125,0.014214,9.27,,3.300582,0.0044132,2_04,,-25267.12
E335,5/27/2025,12:27:44 AM,10,10,-1.25,-1.250019,10.59004688,0.009257,9.3,,3.299589,0.0044519,2_05,,-25222.37
E336,5/27/2025,12:27:54 AM,10,10,-1.25,-1.250457,10.6015625,0.007327,9.41,,3.300401,0.0044381,2_06,,-25215
E337,5/27/2025,12:28:04 AM,10,10,-1.25,-1.249474,10.17520313,0.005336,9.09,,3.300198,0.0044196,2_07,,-25487.87
E338,5/27/2025,12:28:14 AM,10,10,-1.25,-1.250908,10.62734375,0.029565,9.13,,3.300762,0.0043608,2_08,,-25198.5
E339,5/27/2025,12:28:24 AM,10,10.1,-1.25,-1.249586,10.15273438,0.019081,9.03,,3.300638,0.004384,2_09,,-25502.25
E340,5/27/2025,12:28:34 AM,10,10.1,-1.25,-1.250482,10.3935625,0.007065,9.06,,3.300638,0.0043691,2_10,,-25348.12
E341,5/27/2025,12:28:44 AM,10,10.1,-1.25,-1.250565,10.6515625,0.103409,9.14,,3.300729,0.0044153,3_01,,-25183
E342,5/27/2025,12:28:54 AM,10,10.1,-1.25,-1.250507,10.72246875,0.122525,9.04,,3.300751,0.0044102,3_02,,-25137.62
E343,5/27/2025,12:29:04 AM,10,10,-1.25,-1.250002,10.39160938,0.125023,9.16,,3.300683,0.0044269,3_03,,-25349.37
E344,5/27/2025,12:29:14 AM,10,10,-1.25,-1.249597,10.15351563,0.051416,9.13,,3.300932,0.0044011,3_04,,-25501.75
E345,5/27/2025,12:29:24 AM,10,10,-1.25,-1.250208,10.71640625,0.313014,9.51,,3.300548,0.0043942,3_05,,-25141.5
E346,5/27/2025,12:29:33 AM,10,10,-1.25,-1.250285,10.31504688,0.004141,9.19,,3.143581,0.0286231,3_06,,-25398.37
E347,5/27/2025,12:29:43 AM,10,9.9,-1.25,-1.249681,10.87871875,2.034881,9.52,,3.30004,0.0044421,3_07,,-25037.62
E348,5/27/2025,12:29:53 AM,10,10,-1.25,-1.250388,10.44864063,0.000326,9.53,,3.300729,0.0044115,3_08,,-25312.87
E349,5/27/2025,12:30:03 AM,10,10,-1.25,-1.250378,10.8234375,0.092351,9.47,,3.301361,0.0043197,3_09,,-25073
E350,5/27/2025,12:30:13 AM,10,9.9,-1.25,-1.249582,10.8015625,0.001718,9.47,,3.300368,0.0044235,3_10,,-25087
E351,5/27/2025,12:30:23 AM,10,9.9,-1.25,-1.249866,10.58398438,0.003246,9.53,,3.300469,0.0044082,4_01,,-25226.25
E352,5/27/2025,12:30:33 AM,10,9.9,-1.25,-1.249598,10.54395313,0.001962,9.58,,3.300458,0.0044604,4_02,,-25251.87
E353,5/27/2025,12:30:43 AM,10,9.9,-1.25,-1.250301,-1.2,0.003924,9.44,,3.302986,0.0040528,4_03,,-32768
E354,5/27/2025,12:30:53 AM,10,9.9,-1.25,-1.249147,10.49296875,0.006421,10.02,,3.300977,0.0043683,4_04,,-25284.5
E355,5/27/2025,12:31:03 AM,10,9.9,-1.25,-1.249236,10.48848438,0.002408,9.66,,3.301451,0.0043123,4_05,,-25287.37
E356,5/27/2025,12:31:13 AM,10,9.9,-1.25,-1.248247,10.29375,0.008601,9.55,,3.300582,0.0044186,4_06,,-25412
E321,5/27/2025,12:32:18 AM,10,10,-0.625,-0.624559,30.63067188,0.039703,9.62,,3.299848,0.0044506,1_01,,-12396.37
E322,5/27/2025,12:32:28 AM,10,9.9,-0.625,-0.624616,30.91679688,0.017227,9.52,,3.299792,0.004503,1_02,,-12213.25
E323,5/27/2025,12:32:38 AM,10,9.9,-0.625,-0.625324,30.4248125,0.081681,9.56,,3.300187,0.0043945,1_03,,-12528.12
E324,5/27/2025,12:32:48 AM,10,10,-0.625,-0.624855,30.10332813,0.018355,9.44,,3.30065,0.0043731,1_04,,-12733.87
E325,5/27/2025,12:32:58 AM,10,10,-0.625,-0.624788,30.4453125,0.015443,9.42,,3.299927,0.004491,1_05,,-12515
E326,5/27/2025,12:33:08 AM,10,10,-0.625,-0.623972,30.53515625,0.017658,9.47,,3.300221,0.0044391,1_06,,-12457.5
E327,5/27/2025,12:33:18 AM,10,10,-0.625,-0.624484,30.467,0.067696,9.51,,3.300255,0.0044285,1_07,,-12501.12
E329,5/27/2025,12:33:38 AM,10,10.1,-0.625,-0.624737,30.3060625,0.010687,9.4,,3.247778,0.0044108,1_09,,-12604.12
E330,5/27/2025,12:33:48 AM,10,10,-0.625,-0.62421,30.32109375,0.008642,9.55,,3.300751,0.0043569,1_10,,-12594.5
E331,5/27/2025,12:33:58 AM,10,10,-0.625,-0.624726,30.41934375,0.005033,9.41,,3.299792,0.0044404,2_01,,-12531.62
E333,5/27/2025,12:34:18 AM,10,10,-0.625,-0.625171,30.08476563,0.004935,9.41,,3.300492,0.0043415,2_03,,-12745.75
E334,5/27/2025,12:34:28 AM,10,10,-0.625,-0.6255,30.43379688,0.012946,9.34,,3.300119,0.0044484,2_04,,-12522.37
E335,5/27/2025,12:34:38 AM,10,10,-0.625,-0.625155,30.48945313,0.008182,9.34,,3.299137,0.0044864,2_05,,-12486.75
E336,5/27/2025,12:34:48 AM,10,10,-0.625,-0.624088,30.38535938,0.006764,9.47,,3.299961,0.0044721,2_06,,-12553.37
E337,5/27/2025,12:34:58 AM,10,10,-0.625,-0.624172,30.107625,0.00496,9.2,,3.299724,0.0044536,2_07,,-12731.12
E338,5/27/2025,12:35:08 AM,10,10,-0.625,-0.624026,30.23535938,0.029221,9.22,,3.300368,0.0043927,2_08,,-12649.37
E339,5/27/2025,12:35:18 AM,10,10,-0.625,-0.624772,30.22734375,0.018844,9.14,,3.300221,0.0044176,2_09,,-12654.5
E340,5/27/2025,12:35:28 AM,10,10,-0.625,-0.625076,30.50507813,0.006412,9.13,,3.300232,0.0044009,2_10,,-12476.75
E341,5/27/2025,12:35:38 AM,10,10,-0.625,-0.624443,30.66192188,0.099712,9.21,,3.300311,0.0044461,3_01,,-12376.37
E342,5/27/2025,12:35:48 AM,10,10,-0.625,-0.624302,30.634375,0.115545,9.12,,3.300334,0.0044437,3_02,,-12394
E343,5/27/2025,12:35:57 AM,10,10,-0.625,-0.623967,30.18184375,0.117675,9.23,,3.300187,0.0044606,3_03,,-12683.62
E344,5/27/2025,12:36:07 AM,10,10,-0.625,-0.625871,30.0373125,0.048568,9.23,,3.300447,0.0044324,3_04,,-12776.12
E345,5/27/2025,12:36:17 AM,10,9.9,-0.625,-0.62537,30.42265625,0.281439,9.54,,3.300108,0.0044251,3_05,,-12529.5
E346,5/27/2025,12:36:27 AM,10,9.9,-0.625,-0.624582,30.27460938,0.003307,9.2,,3.143163,0.0286553,3_06,,-12624.25
E347,5/27/2025,12:36:37 AM,10,9.9,-0.625,-0.624095,30.68965625,2.013552,9.56,,3.299634,0.0044724,3_07,,-12358.62
E348,5/27/2025,12:36:47 AM,10,10,-0.625,-0.624615,30.22051563,0.000385,9.56,,3.300334,0.0044428,3_08,,-12658.87
E349,5/27/2025,12:36:57 AM,10,10,-0.625,-0.625315,30.75254688,0.082037,9.53,,3.301,0.0043492,3_09,,-12318.37
E350,5/27/2025,12:37:07 AM,10,10,-0.625,-0.624836,30.38789063,0.001876,9.53,,3.299995,0.0044552,3_10,,-12551.75
E351,5/27/2025,12:37:17 AM,10,10,-0.625,-0.624854,30.24492188,0.002867,9.6,,3.300006,0.0044438,4_01,,-12643.25
E352,5/27/2025,12:37:27 AM,10,10,-0.625,-0.624845,30.07090625,0.002258,9.63,,3.300051,0.004495,4_02,,-12754.62
E353,5/27/2025,12:37:37 AM,10,10,-0.625,-0.624884,23.3671875,0.003566,9.72,,3.300503,0.004394,4_03,,-17045
E354,5/27/2025,12:37:47 AM,10,10,-0.625,-0.624513,30.54121875,0.006907,10.06,,3.300627,0.0043998,4_04,,-12453.62
E355,5/27/2025,12:37:57 AM,10,10,-0.625,-0.625376,30.53554688,0.002616,9.68,,3.300954,0.004343,4_05,,-12457.25
E356,5/27/2025,12:38:07 AM,10,10,-0.625,-0.625725,30.29101563,0.007132,9.59,,3.300142,0.0044516,4_06,,-12613.75
E321,5/27/2025,12:39:12 AM,10,10,0,-0.000311,50.62675,0.038292,9.66,,3.299848,0.0044576,1_01,,401.12
E322,5/27/2025,12:39:22 AM,10,10,0,0.00078,50.76640625,0.016451,9.53,,3.299769,0.0045107,1_02,,490.5
E323,5/27/2025,12:39:32 AM,10,10,0,0.000322,50.33690625,0.078638,9.59,,3.30013,0.0043999,1_03,,215.62
E324,5/27/2025,12:39:42 AM,10,10,0,-0.000035,50.02909375,0.017404,9.46,,3.300582,0.0043824,1_04,,18.62
E325,5/27/2025,12:39:52 AM,10,10,0,-0.000159,50.38046875,0.014781,9.45,,3.299848,0.0044991,1_05,,243.5
E326,5/27/2025,12:40:02 AM,10,10,0,0.000355,50.54375,0.017122,9.5,,3.300142,0.0044478,1_06,,348
E327,5/27/2025,12:40:12 AM,10,10,0,0.000891,50.471875,0.065718,9.51,,3.300085,0.0044367,1_07,,302
E329,5/27/2025,12:40:32 AM,10,10,0,0.00123,50.30664063,0.009803,9.41,,3.246424,0.0044178,1_09,,196.25
E330,5/27/2025,12:40:42 AM,10,10.1,0,-0.00063,50.28476563,0.008232,9.58,,3.300627,0.0043622,1_10,,182.25
E331,5/27/2025,12:40:52 AM,10,10.1,0,0.000397,50.37539063,0.004982,9.45,,3.299645,0.0044489,2_01,,240.25
E333,5/27/2025,12:41:12 AM,10,10,0,0.000257,50.01601563,0.005416,9.45,,3.300447,0.0043503,2_03,,10.25
E334,5/27/2025,12:41:22 AM,10,10,0,-0.000212,50.33671875,0.013146,9.39,,3.30004,0.0044587,2_04,,215.5
E335,5/27/2025,12:41:32 AM,10,10,0,-0.000229,50.4078125,0.007984,9.39,,3.29916,0.0044958,2_05,,261
E336,5/27/2025,12:41:42 AM,10,9.9,0,-0.000381,50.32578125,0.006211,9.51,,3.299905,0.0044803,2_06,,208.5
E337,5/27/2025,12:41:52 AM,10,9.9,0,0.001105,50.13417188,0.004671,9.23,,3.299657,0.0044625,2_07,,85.87
E338,5/27/2025,12:42:02 AM,10,9.9,0,0.000748,50.09140625,0.027874,9.29,,3.300266,0.0043996,2_08,,58.5
E339,5/27/2025,12:42:12 AM,10,10,0,0.000102,50.315625,0.017578,9.19,,3.300198,0.0044231,2_09,,202
E340,5/27/2025,12:42:22 AM,10,10,0,0.000529,50.48320313,0.00642,9.19,,3.300243,0.0044062,2_10,,309.25
E341,5/27/2025,12:42:32 AM,10,10,0,0.000781,50.53925,0.092693,9.27,,3.300232,0.0044527,3_01,,345.12
E342,5/27/2025,12:42:41 AM,10,10,0,-0.000648,50.5908125,0.111182,9.17,,3.300187,0.004454,3_02,,378.12
E343,5/27/2025,12:42:51 AM,10,10,0,-0.00022,50.26151563,0.109117,9.28,,3.300176,0.0044679,3_03,,167.37
E344,5/27/2025,12:43:01 AM,10,10,0,0.001398,50.14471875,0.045418,9.25,,3.300447,0.0044394,3_04,,92.62
E345,5/27/2025,12:43:11 AM,10,10,0,0.000324,50.2953125,0.266648,9.59,,3.3003,0.0044321,3_05,,189
E346,5/27/2025,12:43:21 AM,10,10,0,0.001566,50.22890625,0.003436,9.26,,3.143186,0.0286674,3_06,,146.5
E347,5/27/2025,12:43:31 AM,10,10,0,0.000296,50.60742188,1.932298,9.59,,3.299555,0.0044796,3_07,,388.75
E348,5/27/2025,12:43:41 AM,10,10,0,0.000889,50.12421875,0.000012,9.58,,3.300255,0.0044509,3_08,,79.5
E349,5/27/2025,12:43:51 AM,10,9.9,0,0.000407,50.87909375,0.074993,9.56,,3.300921,0.0043572,3_09,,562.62
E350,5/27/2025,12:44:01 AM,10,9.9,0,0.000072,50.45760938,0.002094,9.54,,3.29995,0.0044625,3_10,,292.87
E351,5/27/2025,12:44:11 AM,10,10,0,0.000552,50.1908125,0.00294,9.62,,3.300018,0.0044535,4_01,,122.12
E352,5/27/2025,12:44:21 AM,10,10,0,0.000423,50.01875,0.00174,9.64,,3.300006,0.0045061,4_02,,12
E353,5/27/2025,12:44:31 AM,10,9.9,0,0.000861,48.4591875,0.003998,9.72,,3.300469,0.0044085,4_03,,-986.12
E354,5/27/2025,12:44:41 AM,10,10,0,0.00039,50.58398438,0.00721,10.08,,3.300559,0.0044076,4_04,,373.75
E355,5/27/2025,12:44:51 AM,10,10,0,0.000391,50.648625,0.001975,9.71,,3.300966,0.0043498,4_05,,415.12
E356,5/27/2025,12:45:01 AM,10,10,0,0.000738,50.26171875,0.006099,9.62,,3.300097,0.004461,4_06,,167.5
E321,5/27/2025,12:46:06 AM,10,10.1,0.625,0.625397,70.3720625,0.036162,9.69,,3.299894,0.0044553,1_01,,13038.12
E322,5/27/2025,12:46:16 AM,10,9.9,0.625,0.625296,70.65898438,0.016223,9.55,,3.299792,0.0045059,1_02,,13221.75
E323,5/27/2025,12:46:26 AM,10,9.9,0.625,0.625366,70.31640625,0.075277,9.6,,3.300153,0.0043973,1_03,,13002.5
E324,5/27/2025,12:46:36 AM,10,9.9,0.625,0.625469,70.15273438,0.016808,9.47,,3.300661,0.0043762,1_04,,12897.75
E325,5/27/2025,12:46:46 AM,10,9.9,0.625,0.625402,70.4455,0.014106,9.47,,3.299905,0.0044963,1_05,,13085.12
E326,5/27/2025,12:46:55 AM,10,9.9,0.625,0.625089,70.57948438,0.016645,9.51,,3.300176,0.0044442,1_06,,13170.87
E327,5/27/2025,12:47:05 AM,10,9.9,0.625,0.62515,70.40878125,0.049108,9.55,,3.300187,0.0044373,1_07,,13061.62
E329,5/27/2025,12:47:25 AM,10,10,0.625,0.624564,70.2251875,0.009421,9.43,,3.249798,0.0044161,1_09,,12944.12
E330,5/27/2025,12:47:35 AM,10,10,0.625,0.625701,70.34179688,0.007848,9.57,,3.30074,0.0043586,1_10,,13018.75
E331,5/27/2025,12:47:45 AM,10,10,0.625,0.625244,70.43515625,0.004697,9.45,,3.299803,0.0044442,2_01,,13078.5
E333,5/27/2025,12:48:05 AM,10,10.1,0.625,0.625303,70.01914063,0.004442,9.5,,3.300492,0.0043455,2_03,,12812.25
E334,5/27/2025,12:48:15 AM,10,10.1,0.625,0.625061,70.3408125,0.012617,9.43,,3.300029,0.0044579,2_04,,13018.12
E335,5/27/2025,12:48:25 AM,10,10.1,0.625,0.626156,70.31307813,0.006303,9.42,,3.299149,0.0044926,2_05,,13000.37
E336,5/27/2025,12:48:35 AM,10,10.1,0.625,0.626041,70.36875,0.00531,9.52,,3.299927,0.0044778,2_06,,13036
E337,5/27/2025,12:48:45 AM,10,10.1,0.625,0.62539,70.1828125,0.004502,9.27,,3.299758,0.0044587,2_07,,12917
E338,5/27/2025,12:48:55 AM,10,10.1,0.625,0.625215,70.0734375,0.02621,9.33,,3.300334,0.0043977,2_08,,12847
E339,5/27/2025,12:49:05 AM,10,9.9,0.625,0.625097,70.242375,0.016524,9.25,,3.300221,0.0044212,2_09,,12955.12
E340,5/27/2025,12:49:15 AM,10,9.9,0.625,0.624588,70.46015625,0.006016,9.22,,3.300176,0.0044036,2_10,,13094.5
E341,5/27/2025,12:49:25 AM,10,9.9,0.625,0.62499,70.49101563,0.085409,9.28,,3.300311,0.0044515,3_01,,13114.25
E342,5/27/2025,12:49:35 AM,10,9.9,0.625,0.625242,70.45,0.102365,9.21,,3.300266,0.0044516,3_02,,13088
E343,5/27/2025,12:49:45 AM,10,9.9,0.625,0.62647,70.18339063,0.097775,9.32,,3.300232,0.0044663,3_03,,12917.37
E344,5/27/2025,12:49:55 AM,10,10,0.625,0.626629,70.11503125,0.042326,9.31,,3.300458,0.0044322,3_04,,12873.62
E345,5/27/2025,12:50:05 AM,10,10,0.625,0.625628,70.21971875,0.24953,9.62,,3.300356,0.0044261,3_05,,12940.62
E346,5/27/2025,12:50:15 AM,10,10,0.625,0.624422,70.23359375,0.00287,9.29,,3.143051,0.0286656,3_06,,12949.5
E347,5/27/2025,12:50:24 AM,10,10,0.625,0.626264,70.7126875,1.837039,9.61,,3.299577,0.0044763,3_07,,13256.12
E348,5/27/2025,12:50:34 AM,10,10,0.625,0.624579,70.20135938,0.000099,9.59,,3.300345,0.0044453,3_08,,12928.87
E349,5/27/2025,12:50:44 AM,10,10,0.625,0.62544,70.79960938,0.077095,9.56,,3.300943,0.0043555,3_09,,13311.75
E350,5/27/2025,12:50:54 AM,10,10,0.625,0.625346,70.403125,0.001127,9.57,,3.300029,0.0044604,3_10,,13058
E351,5/27/2025,12:51:04 AM,10,10,0.625,0.62508,70.223625,0.002726,9.63,,3.299984,0.0044505,4_01,,12943.12
E352,5/27/2025,12:51:14 AM,10,10,0.625,0.624652,70.01776563,0.002401,9.67,,3.299995,0.0045026,4_02,,12811.37
E353,5/27/2025,12:51:24 AM,10,10,0.625,0.624842,70.9625,0.003534,9.74,,3.300548,0.0043989,4_03,,13416
E354,5/27/2025,12:51:34 AM,10,10,0.625,0.625237,70.52635938,0.006699,10.1,,3.300571,0.0044049,4_04,,13136.87
E355,5/27/2025,12:51:44 AM,10,10,0.625,0.625325,70.53104688,0.002303,9.75,,3.300864,0.0043457,4_05,,13139.87
E356,5/27/2025,12:51:54 AM,10,10,0.625,0.625356,70.31132813,0.005323,9.65,,3.300176,0.0044552,4_06,,12999.25
E321,5/27/2025,12:53:00 AM,10,9.9,1.25,1.249976,90.09414063,0.0347,9.69,,3.30004,0.0044342,1_01,,25660.25
E322,5/27/2025,12:53:10 AM,10,10,1.25,1.250016,90.45995313,0.015241,9.55,,3.299995,0.004484,1_02,,25894.37
E323,5/27/2025,12:53:20 AM,10,10,1.25,1.249878,90.29276563,0.071809,9.63,,3.300379,0.004377,1_03,,25787.37
E324,5/27/2025,12:53:30 AM,10,10,1.25,1.250443,90.38495313,0.016199,9.51,,3.300785,0.0043598,1_04,,25846.37
E325,5/27/2025,12:53:39 AM,10,10,1.25,1.250671,90.31307813,0.013815,9.48,,3.300018,0.0044781,1_05,,25800.37
E326,5/27/2025,12:53:49 AM,10,10,1.25,1.250541,90.28632813,0.015946,9.53,,3.300401,0.0044241,1_06,,25783.25
E327,5/27/2025,12:53:59 AM,10,10,1.25,1.250798,90.47695313,0.047318,9.56,,3.300311,0.0044209,1_07,,25905.25
E329,5/27/2025,12:54:19 AM,10,10,1.25,1.250352,90.12304688,0.008935,9.46,,3.249031,0.0043972,1_09,,25678.75
E330,5/27/2025,12:54:29 AM,10,10.1,1.25,1.250392,90.26914063,0.007625,9.61,,3.300921,0.0043402,1_10,,25772.25
E331,5/27/2025,12:54:39 AM,10,10.1,1.25,1.249934,90.31601563,0.004326,9.47,,3.299882,0.0044263,2_01,,25802.25
E333,5/27/2025,12:55:00 AM,10,10.1,1.25,1.250181,90.10839063,0.004978,9.53,,3.300638,0.0043286,2_03,,25669.37
E334,5/27/2025,12:55:09 AM,10,10.1,1.25,1.250493,90.25117188,0.011165,9.45,,3.300209,0.0044404,2_04,,25760.75
E335,5/27/2025,12:55:19 AM,10,10,1.25,1.250868,90.24140625,0.007085,9.42,,3.299341,0.0044746,2_05,,25754.5
E336,5/27/2025,12:55:30 AM,10,9.9,1.25,1.250473,90.353125,0.005677,9.54,,3.300097,0.0044595,2_06,,25826
E337,5/27/2025,12:55:40 AM,10,9.9,1.25,1.250238,90.27539063,0.003545,9.31,,3.299882,0.0044417,2_07,,25776.25
E338,5/27/2025,12:55:49 AM,10,10,1.25,1.252027,90.2625,0.024632,9.36,,3.300458,0.0043801,2_08,,25768
E339,5/27/2025,12:55:59 AM,10,10,1.25,1.249539,90.04257813,0.016246,9.26,,3.30039,0.0044025,2_09,,25627.25
E340,5/27/2025,12:56:09 AM,10,9.9,1.25,1.250853,90.36542188,0.004977,9.25,,3.300413,0.0043834,2_10,,25833.87
E341,5/27/2025,12:56:19 AM,10,9.9,1.25,1.250117,90.35,0.078138,9.31,,3.300492,0.0044323,3_01,,25824
E342,5/27/2025,12:56:29 AM,10,10,1.25,1.24996,90.20448438,0.092147,9.24,,3.300413,0.0044352,3_02,,25730.87
E343,5/27/2025,12:56:39 AM,10,10,1.25,1.250774,90.22401563,0.086975,9.36,,3.300379,0.0044479,3_03,,25743.37
E344,5/27/2025,12:56:49 AM,10,10,1.25,1.249838,90.21542188,0.040323,9.33,,3.30065,0.0044133,3_04,,25737.87
E345,5/27/2025,12:56:59 AM,10,10,1.25,1.250323,90.19589063,0.225049,9.6,,3.300503,0.0044073,3_05,,25725.37
E346,5/27/2025,12:57:09 AM,10,10,1.25,1.249957,90.07675,0.002225,9.25,,3.143186,0.028647,3_06,,25649.12
E347,5/27/2025,12:57:19 AM,10,10,1.25,1.250597,90.57890625,1.830573,9.61,,3.299826,0.0044559,3_07,,25970.5
E348,5/27/2025,12:57:29 AM,10,10,1.25,1.249471,90.32421875,0.000313,9.6,,3.300537,0.0044274,3_08,,25807.5
E349,5/27/2025,12:57:39 AM,10,9.9,1.25,1.251194,90.62128125,0.068833,9.58,,3.301157,0.0043361,3_09,,25997.62
E350,5/27/2025,12:57:49 AM,10,9.9,1.25,1.250197,90.55839063,0.001417,9.58,,3.30013,0.0044404,3_10,,25957.37
E351,5/27/2025,12:57:59 AM,10,10,1.25,1.250273,90.39432813,0.002846,9.66,,3.300187,0.0044331,4_01,,25852.37
E352,5/27/2025,12:58:09 AM,10,10,1.25,1.249666,90.15878125,0.00227,9.69,,3.300221,0.0044866,4_02,,25701.62
E353,5/27/2025,12:58:18 AM,10,10,1.25,1.249898,90.7126875,0.003104,9.76,,3.300751,0.0043777,4_03,,26056.12
E354,5/27/2025,12:58:28 AM,10,10,1.25,1.250168,90.311125,0.006303,10.1,,3.300751,0.0043852,4_04,,25799.12
E355,5/27/2025,12:58:38 AM,10,10.1,1.25,1.250548,90.34159375,0.001511,9.74,,3.30118,0.004325,4_05,,25818.62
E356,5/27/2025,12:58:48 AM,10,10.1,1.25,1.249941,90.26776563,0.005252,9.63,,3.300356,0.0044369,4_06,,25771.37
E321,5/27/2025,12:59:53 AM,10,10,0,-0.000008,50.52401563,0.033835,9.68,,3.299803,0.0044581,1_01,,335.37
E322,5/27/2025,1:00:03 AM,10,9.9,0,-0.000009,50.81190625,0.014467,9.55,,3.299702,0.0045102,1_02,,519.62
E323,5/27/2025,1:00:13 AM,10,9.9,0,0.000201,50.23789063,0.068541,9.62,,3.300085,0.0044001,1_03,,152.25
E324,5/27/2025,1:00:23 AM,10,9.9,0,0.000011,50.01503125,0.015363,9.47,,3.300593,0.0043828,1_04,,9.62
E325,5/27/2025,1:00:33 AM,10,9.9,0,0.000847,50.39979688,0.01312,9.51,,3.299837,0.0044993,1_05,,255.87
E326,5/27/2025,1:00:43 AM,10,10,0,-0.000526,50.5345625,0.015425,9.55,,3.300176,0.0044478,1_06,,342.12
E327,5/27/2025,1:00:53 AM,10,10,0,-0.000388,50.37089063,0.046054,9.54,,3.300119,0.0044373,1_07,,237.37
E329,5/27/2025,1:01:13 AM,10,10,0,0.000626,50.30995313,0.008944,9.44,,3.247473,0.0044201,1_09,,198.37
E330,5/27/2025,1:01:23 AM,10,10,0,-0.000087,50.26815625,0.008008,9.61,,3.30065,0.0043628,1_10,,171.62
E331,5/27/2025,1:01:33 AM,10,10,0,-0.00024,50.38671875,0.004474,9.48,,3.299679,0.004449,2_01,,247.5
E333,5/27/2025,1:01:53 AM,10,10,0,-0.001343,49.91895313,0.004303,9.51,,3.300413,0.0043497,2_03,,-51.87
E334,5/27/2025,1:02:03 AM,10,10,0,-0.00044,50.26854688,0.011603,9.45,,3.300006,0.0044585,2_04,,171.87
E335,5/27/2025,1:02:13 AM,10,10,0,0.000024,50.42909375,0.006743,9.45,,3.29907,0.0044959,2_05,,274.62
E336,5/27/2025,1:02:23 AM,10,10,0,0.00047,50.28690625,0.005607,9.6,,3.299882,0.0044793,2_06,,183.62
E337,5/27/2025,1:02:33 AM,10,10,0,-0.000098,50.18085938,0.003502,9.32,,3.299668,0.0044641,2_07,,115.75
E338,5/27/2025,1:02:43 AM,10,10,0,0.000574,50.15175,0.023769,9.38,,3.300209,0.0043995,2_08,,97.12
E339,5/27/2025,1:02:53 AM,10,10,0,-0.000177,50.33125,0.014565,9.27,,3.300187,0.0044232,2_09,,212
E340,5/27/2025,1:03:03 AM,10,10,0,0.00045,50.5625,0.005675,9.29,,3.300187,0.0044074,2_10,,360
E341,5/27/2025,1:03:13 AM,10,10,0,0.000119,50.65546875,0.061379,9.34,,3.300277,0.0044537,3_01,,419.5
E342,5/27/2025,1:03:22 AM,10,10,0,-0.000255,50.5939375,0.082368,9.26,,3.300232,0.0044533,3_02,,380.12
E343,5/27/2025,1:03:32 AM,10,10,0,-0.000306,50.14159375,0.079679,9.36,,3.300153,0.004468,3_03,,90.62
E344,5/27/2025,1:03:42 AM,10,10,0,0.001205,50.103125,0.038428,9.34,,3.300424,0.0044396,3_04,,66
E345,5/27/2025,1:03:52 AM,10,10,0,0.000154,50.19198438,0.220916,9.61,,3.300277,0.004433,3_05,,122.87
E346,5/27/2025,1:04:02 AM,10,10,0,0.000143,50.40234375,0.002952,9.29,,3.143096,0.0286657,3_06,,257.5
E347,5/27/2025,1:04:12 AM,10,10,0,0.000356,50.65995313,1.728441,9.62,,3.299555,0.0044792,3_07,,422.37
E348,5/27/2025,1:04:22 AM,10,10,0,0.000774,50.117375,0.000653,9.62,,3.300221,0.0044508,3_08,,75.12
E349,5/27/2025,1:04:32 AM,10,10,0,-0.000335,50.77578125,0.066005,9.61,,3.300909,0.004358,3_09,,496.5
E350,5/27/2025,1:04:42 AM,10,10,0,0.00006,50.42382813,0.001468,9.58,,3.299894,0.004463,3_10,,271.25
E351,5/27/2025,1:04:52 AM,10,10,0,0.000229,49.9484375,0.002935,9.65,,3.299939,0.0044535,4_01,,-33
E352,5/27/2025,1:05:02 AM,10,10,0,0.000263,49.95176563,0.002497,9.7,,3.29995,0.0045062,4_02,,-30.87
E353,5/27/2025,1:05:12 AM,10,10,0,-0.000154,48.39414063,0.003234,9.78,,3.300447,0.0044083,4_03,,-1027.75
E354,5/27/2025,1:05:22 AM,10,10,0,-0.000262,50.611125,0.004662,10.14,,3.300503,0.0044067,4_04,,391.12
E355,5/27/2025,1:05:32 AM,10,10,0,0.000326,50.5734375,0.001829,9.74,,3.300898,0.0043496,4_05,,367
E356,5/27/2025,1:05:42 AM,10,10,0,0.000102,50.22421875,0.004876,9.66,,3.300097,0.0044602,4_06,,143.5
E321,5/27/2025,1:06:47 AM,10,10,-1.25,-1.24952,10.75723438,0.032719,9.68,,3.300311,0.00442,1_01,,-25115.37
E322,5/27/2025,1:06:57 AM,10,10,-1.25,-1.249851,10.77676563,0.014471,9.56,,3.300221,0.004474,1_02,,-25102.87
E323,5/27/2025,1:07:07 AM,10,10,-1.25,-1.250223,10.475,0.065694,9.64,,3.300548,0.004364,1_03,,-25296
E324,5/27/2025,1:07:17 AM,10,10,-1.25,-1.249137,10.28554688,0.015459,9.48,,3.301101,0.0043401,1_04,,-25417.25
E325,5/27/2025,1:07:27 AM,10,10,-1.25,-1.25033,10.50098438,0.012993,9.45,,3.300469,0.0044562,1_05,,-25279.37
E326,5/27/2025,1:07:37 AM,10,10,-1.25,-1.250686,10.32246875,0.013984,9.51,,3.300616,0.0044047,1_06,,-25393.62
E327,5/27/2025,1:07:47 AM,10,10,-1.25,-1.250869,10.58848438,0.045086,9.52,,3.300638,0.0043926,1_07,,-25223.37
E329,5/27/2025,1:08:07 AM,10,10,-1.25,-1.250395,10.32695313,0.008,9.44,,3.247846,0.0043751,1_09,,-25390.75
E330,5/27/2025,1:08:17 AM,10,10,-1.25,-1.25032,10.401375,0.00796,9.59,,3.301146,0.0043278,1_10,,-25343.12
E331,5/27/2025,1:08:27 AM,10,10,-1.25,-1.250394,10.4578125,0.004488,9.45,,3.300289,0.004404,2_01,,-25307
E333,5/27/2025,1:08:47 AM,10,10,-1.25,-1.249988,10.3560625,0.004363,9.5,,3.300966,0.0043094,2_03,,-25372.12
E334,5/27/2025,1:08:57 AM,10,10,-1.25,-1.249547,10.36289063,0.011375,9.43,,3.300593,0.0044135,2_04,,-25367.75
E335,5/27/2025,1:09:07 AM,10,10,-1.25,-1.249826,10.58535938,0.006597,9.43,,3.299577,0.0044525,2_05,,-25225.37
E336,5/27/2025,1:09:17 AM,10,10,-1.25,-1.24991,10.46348438,0.005483,9.55,,3.300424,0.0044389,2_06,,-25303.37
E337,5/27/2025,1:09:27 AM,10,10,-1.25,-1.25024,10.14629688,0.003057,9.3,,3.300221,0.0044198,2_07,,-25506.37
E338,5/27/2025,1:09:36 AM,10,10,-1.25,-1.249246,10.45957813,0.023092,9.37,,3.300729,0.0043594,2_08,,-25305.87
E339,5/27/2025,1:09:46 AM,10,10,-1.25,-1.249772,10.07520313,0.015025,9.28,,3.300683,0.0043845,2_09,,-25551.87
E340,5/27/2025,1:09:56 AM,10,10.1,-1.25,-1.249334,10.3185625,0.005558,9.28,,3.300604,0.0043687,2_10,,-25396.12
E341,5/27/2025,1:10:06 AM,10,10.1,-1.25,-1.249526,10.71171875,0.057245,9.33,,3.300762,0.0044142,3_01,,-25144.5
E342,5/27/2025,1:10:16 AM,10,10,-1.25,-1.250403,10.73692188,0.077084,9.25,,3.300751,0.0044105,3_02,,-25128.37
E343,5/27/2025,1:10:26 AM,10,10,-1.25,-1.249821,10.2578125,0.074237,9.36,,3.300683,0.0044269,3_03,,-25435
E344,5/27/2025,1:10:36 AM,10,9.9,-1.25,-1.250214,10.05195313,0.037213,9.34,,3.300887,0.0044003,3_04,,-25566.75
E345,5/27/2025,1:10:46 AM,10,10,-1.25,-1.25,10.6529375,0.205609,9.57,,3.300796,0.0043929,3_05,,-25182.12
E346,5/27/2025,1:10:56 AM,10,10,-1.25,-1.250275,10.27559375,0.002282,9.26,,3.143547,0.0286239,3_06,,-25423.62
E347,5/27/2025,1:11:06 AM,10,10,-1.25,-1.250958,10.83632813,1.702248,9.59,,3.30004,0.0044412,3_07,,-25064.75
E348,5/27/2025,1:11:16 AM,10,9.9,-1.25,-1.250433,10.4640625,0.000362,9.58,,3.300785,0.0044113,3_08,,-25303
E349,5/27/2025,1:11:26 AM,10,9.9,-1.25,-1.249966,10.76445313,0.062745,9.53,,3.301361,0.0043197,3_09,,-25110.75
E350,5/27/2025,1:11:36 AM,10,9.9,-1.25,-1.249493,10.72051563,0.001489,9.59,,3.300356,0.004424,3_10,,-25138.87
E351,5/27/2025,1:11:46 AM,10,10,-1.25,-1.249296,10.44004688,0.002917,9.62,,3.300413,0.0044065,4_01,,-25318.37
E352,5/27/2025,1:11:56 AM,10,10,-1.25,-1.249606,10.43692188,0.001707,9.66,,3.300469,0.0044605,4_02,,-25320.37
E353,5/27/2025,1:12:05 AM,10,10,-1.25,-1.249789,-1.2,0.003708,9.52,,3.303019,0.0040531,4_03,,-32768
E354,5/27/2025,1:12:16 AM,10,10,-1.25,-1.24995,10.42109375,0.004461,10.09,,3.301045,0.004368,4_04,,-25330.5
E355,5/27/2025,1:12:26 AM,10,10,-1.25,-1.250226,10.45,0.001678,9.71,,3.301361,0.0043129,4_05,,-25312
E356,5/27/2025,1:12:36 AM,10,10,-1.25,-1.249233,10.13164063,0.004684,9.63,,3.300582,0.0044186,4_06,,-25515.75
E321,5/27/2025,2:07:57 AM,25,25,-1.25,-1.250062,10.50879688,0.087658,24.6,,3.300334,0.0044116,1_01,,-25274.37
E322,5/27/2025,2:08:07 AM,25,25,-1.25,-1.250036,10.23614063,0.035209,24.53,,3.299984,0.0044647,1_02,,-25448.87
E323,5/27/2025,2:08:17 AM,25,25,-1.25,-1.249733,10.36328125,0.148467,24.54,,3.300447,0.0043577,1_03,,-25367.5
E324,5/27/2025,2:08:26 AM,25,25,-1.25,-1.250049,10.37421875,0.035929,24.44,,3.300887,0.0043336,1_04,,-25360.5
E325,5/27/2025,2:08:36 AM,25,25,-1.25,-1.249784,10.20996875,0.029898,24.46,,3.300221,0.0044513,1_05,,-25465.62
E326,5/27/2025,2:08:46 AM,25,25,-1.25,-1.250171,10.41075,0.033632,24.46,,3.300447,0.0043998,1_06,,-25337.12
E327,5/27/2025,2:08:56 AM,25,25,-1.25,-1.250355,10.29257813,0.115685,24.51,,3.300492,0.0043845,1_07,,-25412.75
E329,5/27/2025,2:09:16 AM,25,25,-1.25,-1.250714,10.24101563,0.021092,24.41,,3.238366,0.0043699,1_09,,-25445.75
E330,5/27/2025,2:09:26 AM,25,25,-1.25,-1.249929,10.23945313,0.019737,24.57,,3.300887,0.0043218,1_10,,-25446.75
E331,5/27/2025,2:09:36 AM,25,25,-1.25,-1.250709,10.120125,0.012516,24.44,,3.300018,0.0043983,2_01,,-25523.12
E333,5/27/2025,2:09:56 AM,25,25,-1.25,-1.250518,10.37695313,0.016118,24.54,,3.300819,0.0043077,2_03,,-25358.75
E334,5/27/2025,2:10:06 AM,25,25,-1.25,-1.24919,10.1875,0.031856,24.49,,3.300458,0.0044038,2_04,,-25480
E335,5/27/2025,2:10:16 AM,25,25,-1.25,-1.249439,10.55801563,0.021792,24.48,,3.299487,0.0044473,2_05,,-25242.87
E336,5/27/2025,2:10:26 AM,25,25,-1.25,-1.250108,10.46367188,0.020684,24.62,,3.300334,0.0044311,2_06,,-25303.25
E337,5/27/2025,2:10:36 AM,25,25,-1.25,-1.249667,10.07070313,0.013549,24.37,,3.300063,0.0044124,2_07,,-25554.75
E338,5/27/2025,2:10:46 AM,25,25,-1.25,-1.249796,10.71210938,0.085004,24.43,,3.300548,0.0043571,2_08,,-25144.25
E339,5/27/2025,2:10:56 AM,25,25,-1.25,-1.249907,10.23945313,0.046624,24.34,,3.300548,0.0043795,2_09,,-25446.75
E340,5/27/2025,2:11:06 AM,25,25,-1.25,-1.250496,10.52832813,0.019095,24.35,,3.300413,0.0043648,2_10,,-25261.87
E341,5/27/2025,2:11:16 AM,25,25,-1.25,-1.251522,10.13809375,0.20014,24.4,,3.300616,0.0044051,3_01,,-25511.62
E342,5/27/2025,2:11:26 AM,25,25,-1.25,-1.251483,10.30859375,0.223516,24.34,,3.300627,0.0044006,3_02,,-25402.5
E343,5/27/2025,2:11:35 AM,25,25,-1.25,-1.250487,9.916609375,0.223887,24.4,,3.300559,0.0044198,3_03,,-25653.37
E344,5/27/2025,2:11:45 AM,25,25,-1.25,-1.250456,10.4984375,0.129937,24.41,,3.300808,0.0043984,3_04,,-25281
E345,5/27/2025,2:11:55 AM,25,25,-1.25,-1.251299,10.5359375,1.235884,24.58,,3.299871,0.0043851,3_05,,-25257
E346,5/27/2025,2:12:05 AM,25,25,-1.25,-1.249788,10.1984375,0.046412,23.84,,3.147802,0.0279147,3_06,,-25473
E347,5/27/2025,2:12:15 AM,25,25,-1.25,-1.249479,10.08575,2.031981,24.57,,3.299871,0.004431,3_07,,-25545.12
E348,5/27/2025,2:12:25 AM,25,25,-1.25,-1.250701,10.36367188,0.001712,24.57,,3.300695,0.0044038,3_08,,-25367.25
E349,5/27/2025,2:12:35 AM,25,25,-1.25,-1.250554,10.30215625,0.297477,24.57,,3.300774,0.0043147,3_09,,-25406.62
E350,5/27/2025,2:12:45 AM,25,25,-1.25,-1.249855,9.908203125,0.004698,24.54,,3.300379,0.0044113,3_10,,-25658.75
E351,5/27/2025,2:12:55 AM,25,25,-1.25,-1.250136,10.23692188,0.009773,24.64,,3.300379,0.0044006,4_01,,-25448.37
E352,5/27/2025,2:13:05 AM,25,25,-1.25,-1.249316,10.28398438,0.00658,24.64,,3.30048,0.0044502,4_02,,-25418.25
E353,5/27/2025,2:13:15 AM,25,25,-1.25,-1.250065,10.14804688,0.011669,24.75,,3.300988,0.0043536,4_03,,-25505.25
E354,5/27/2025,2:13:25 AM,25,25,-1.25,-1.250146,10.1234375,0.078817,25.03,,3.300345,0.0043637,4_04,,-25521
E355,5/27/2025,2:13:34 AM,25,25,-1.25,-1.249763,10.58867188,0.019559,24.68,,3.30127,0.0043111,4_05,,-25223.25
E356,5/27/2025,2:13:44 AM,25,25,-1.25,-1.250438,10.2984375,0.108059,24.62,,3.300604,0.0044127,4_06,,-25409
E321,5/27/2025,2:14:49 AM,25,25,-0.625,-0.625227,30.49414063,0.089006,24.74,,3.300018,0.0044448,1_01,,-12483.75
E322,5/27/2025,2:14:59 AM,25,25,-0.625,-0.624686,30.18632813,0.035963,24.67,,3.299803,0.0044981,1_02,,-12680.75
E323,5/27/2025,2:15:09 AM,25,25,-0.625,-0.625211,30.0435625,0.153877,24.7,,3.300142,0.004391,1_03,,-12772.12
E324,5/27/2025,2:15:19 AM,25,25,-0.625,-0.624635,30.09023438,0.037477,24.6,,3.30065,0.0043669,1_04,,-12742.25
E325,5/27/2025,2:15:29 AM,25,25,-0.625,-0.624733,30.0779375,0.030731,24.6,,3.299803,0.0044902,1_05,,-12750.12
E326,5/27/2025,2:15:39 AM,25,25,-0.625,-0.624573,30.40723438,0.035119,24.64,,3.300142,0.004436,1_06,,-12539.37
E327,5/27/2025,2:15:49 AM,25,25,-0.625,-0.623865,30.1810625,0.11734,24.67,,3.300209,0.0044215,1_07,,-12684.12
E329,5/27/2025,2:16:09 AM,25,25,-0.625,-0.624405,30.17617188,0.021077,24.56,,3.230715,0.0044047,1_09,,-12687.25
E330,5/27/2025,2:16:19 AM,25,25,-0.625,-0.624437,30.22715625,0.019885,24.71,,3.300672,0.0043547,1_10,,-12654.62
E331,5/27/2025,2:16:29 AM,25,25,-0.625,-0.625365,30.11348438,0.012381,24.61,,3.299724,0.0044384,2_01,,-12727.37
E333,5/27/2025,2:16:49 AM,25,25,-0.625,-0.625653,30.15684375,0.016179,24.69,,3.300548,0.0043396,2_03,,-12699.62
E334,5/27/2025,2:16:59 AM,25,25,-0.625,-0.625239,30.22148438,0.031197,24.64,,3.300142,0.0044421,2_04,,-12658.25
E335,5/27/2025,2:17:09 AM,25,25,-0.625,-0.624479,30.46796875,0.021742,24.66,,3.29916,0.0044834,2_05,,-12500.5
E336,5/27/2025,2:17:19 AM,25,25,-0.625,-0.624803,30.36114063,0.020237,24.79,,3.299984,0.0044654,2_06,,-12568.87
E337,5/27/2025,2:17:29 AM,25,25,-0.625,-0.62444,30.09101563,0.01397,24.55,,3.299747,0.004448,2_07,,-12741.75
E338,5/27/2025,2:17:39 AM,25,25,-0.625,-0.624382,30.52285938,0.085859,24.59,,3.300368,0.0043897,2_08,,-12465.37
E339,5/27/2025,2:17:48 AM,25,25,-0.625,-0.62532,30.29882813,0.04693,24.52,,3.300266,0.0044139,2_09,,-12608.75
E340,5/27/2025,2:17:58 AM,25,25,-0.625,-0.625046,30.48710938,0.018916,24.52,,3.300153,0.0043981,2_10,,-12488.25
E341,5/27/2025,2:18:08 AM,25,25,-0.625,-0.625008,30.146875,0.198214,24.54,,3.3003,0.0044404,3_01,,-12706
E342,5/27/2025,2:18:18 AM,25,25,-0.625,-0.624455,30.31817188,0.216053,24.51,,3.300356,0.0044389,3_02,,-12596.37
E343,5/27/2025,2:18:28 AM,25,25,-0.625,-0.625741,30.02265625,0.216975,24.56,,3.300266,0.0044538,3_03,,-12785.5
E344,5/27/2025,2:18:38 AM,25,25,-0.625,-0.625162,30.52598438,0.123026,24.57,,3.300627,0.0044275,3_04,,-12463.37
E345,5/27/2025,2:18:48 AM,25,25,-0.625,-0.624804,30.29825,1.157948,24.7,,3.29986,0.0044169,3_05,,-12609.12
E346,5/27/2025,2:18:58 AM,25,25,-0.625,-0.623521,30.225,0.034284,24.01,,3.147632,0.0279402,3_06,,-12656
E347,5/27/2025,2:19:08 AM,25,25,-0.625,-0.624946,29.99864063,2.064923,24.72,,3.299577,0.0044686,3_07,,-12800.87
E348,5/27/2025,2:19:18 AM,25,25,-0.625,-0.624921,30.06114063,0.001677,24.72,,3.300356,0.0044375,3_08,,-12760.87
E349,5/27/2025,2:19:27 AM,25,25,-0.625,-0.625121,30.24785938,0.285523,24.72,,3.300537,0.0043475,3_09,,-12641.37
E350,5/27/2025,2:19:37 AM,25,25,-0.625,-0.624825,29.72364063,0.004747,24.69,,3.299984,0.0044497,3_10,,-12976.87
E351,5/27/2025,2:19:47 AM,25,25,-0.625,-0.624839,30.13692188,0.009913,24.78,,3.300029,0.0044381,4_01,,-12712.37
E352,5/27/2025,2:19:57 AM,25,25,-0.625,-0.625037,30.22910938,0.00629,24.81,,3.300164,0.0044871,4_02,,-12653.37
E353,5/27/2025,2:20:07 AM,25,25,-0.625,-0.624621,30.4498125,0.011996,24.87,,3.300593,0.0043885,4_03,,-12512.12
E354,5/27/2025,2:20:17 AM,25,25,-0.625,-0.624445,30.08046875,0.055876,25.16,,3.30065,0.0043986,4_04,,-12748.5
E355,5/27/2025,2:20:27 AM,25,25,-0.625,-0.624896,30.60546875,0.014335,24.79,,3.300966,0.0043426,4_05,,-12412.5
E356,5/27/2025,2:20:37 AM,25,25,-0.625,-0.624721,30.35898438,0.090505,24.74,,3.3003,0.0044471,4_06,,-12570.25
E321,5/27/2025,2:21:42 AM,25,25,0,-0.000379,50.35135938,0.087149,24.83,,3.300142,0.0044514,1_01,,224.87
E322,5/27/2025,2:21:52 AM,25,25,0,0.000051,50.13828125,0.035485,24.77,,3.299781,0.0045051,1_02,,88.5
E323,5/27/2025,2:22:02 AM,25,25,0,0.001455,50.16542188,0.152409,24.76,,3.300097,0.0043978,1_03,,105.87
E324,5/27/2025,2:22:12 AM,25,25,0,0.000378,50.12596875,0.038068,24.69,,3.300571,0.0043758,1_04,,80.62
E325,5/27/2025,2:22:22 AM,25,25,0,-0.000109,50.0390625,0.031335,24.69,,3.299826,0.0044976,1_05,,25
E326,5/27/2025,2:22:32 AM,25,25,0,0.00008,50.44296875,0.034467,24.72,,3.30013,0.0044433,1_06,,283.5
E327,5/27/2025,2:22:42 AM,25,25,0,-0.000314,50.3001875,0.115462,24.77,,3.30013,0.0044325,1_07,,192.12
E329,5/27/2025,2:23:02 AM,25,25,0,-0.000119,50.19296875,0.020828,24.52,,3.117264,0.0044036,1_09,,123.5
E330,5/27/2025,2:23:12 AM,25,25,0,0.000024,50.12675,0.019018,24.78,,3.300593,0.0043614,1_10,,81.12
E331,5/27/2025,2:23:22 AM,25,25,0,0.000065,50.109375,0.012417,24.68,,3.299645,0.0044477,2_01,,70
E333,5/27/2025,2:23:42 AM,25,25,0,0.000109,50.19276563,0.015827,24.79,,3.300469,0.0043472,2_03,,123.37
E334,5/27/2025,2:23:52 AM,25,24.9,0,-0.00068,50.3595625,0.030196,24.7,,3.300142,0.004452,2_04,,230.12
E335,5/27/2025,2:24:02 AM,25,24.9,0,-0.000555,50.41171875,0.020656,24.71,,3.299115,0.0044914,2_05,,263.5
E336,5/27/2025,2:24:12 AM,25,25,0,0.000516,50.20703125,0.019095,24.85,,3.299882,0.0044738,2_06,,132.5
E337,5/27/2025,2:24:22 AM,25,25,0,-0.00045,50.02245313,0.013091,24.63,,3.299634,0.0044576,2_07,,14.37
E338,5/27/2025,2:24:32 AM,25,25,0,-0.000704,50.5955,0.083054,24.7,,3.300243,0.0043981,2_08,,381.12
E339,5/27/2025,2:24:42 AM,25,25,0,0.001327,50.31190625,0.045467,24.6,,3.300176,0.0044196,2_09,,199.62
E340,5/27/2025,2:24:52 AM,25,25,0,0.000528,50.44003125,0.018279,24.61,,3.300029,0.0044036,2_10,,281.62
E341,5/27/2025,2:25:01 AM,25,25,0,0.001137,50.05703125,0.189939,24.68,,3.300266,0.0044492,3_01,,36.5
E342,5/27/2025,2:25:11 AM,25,25,0,-0.000114,50.228125,0.20342,24.61,,3.300153,0.0044499,3_02,,146
E343,5/27/2025,2:25:21 AM,25,25,0,0.000112,50.0109375,0.199504,24.66,,3.300142,0.0044634,3_03,,7
E344,5/27/2025,2:25:31 AM,25,25,0,0.000184,50.43026563,0.115883,24.65,,3.300413,0.0044343,3_04,,275.37
E345,5/27/2025,2:25:41 AM,25,25,0,-0.000611,50.24628125,1.048334,24.75,,3.300029,0.0044247,3_05,,157.62
E346,5/27/2025,2:25:51 AM,25,25,0,-0.000171,50.19804688,0.027342,24.05,,3.147644,0.0279454,3_06,,126.75
E347,5/27/2025,2:26:01 AM,25,25,0,-0.000181,50.05565625,1.829805,24.78,,3.299544,0.0044759,3_07,,35.62
E348,5/27/2025,2:26:11 AM,25,25,0,0.001207,50.0015625,0.001761,24.79,,3.300345,0.0044468,3_08,,1
E349,5/27/2025,2:26:20 AM,25,25,0,0.000167,50.173625,0.266895,24.78,,3.300435,0.0043554,3_09,,111.12
E350,5/27/2025,2:26:30 AM,25,25,0,0.000015,49.64903125,0.004769,24.79,,3.29995,0.0044584,3_10,,-224.62
E351,5/27/2025,2:26:40 AM,25,25,0,-0.000291,50.12948438,0.009663,24.86,,3.299939,0.0044476,4_01,,82.87
E352,5/27/2025,2:26:50 AM,25,25,0,0.000449,50.1859375,0.006118,24.86,,3.300029,0.0044946,4_02,,119
E353,5/27/2025,2:27:00 AM,25,25,0,-0.000211,50.38026563,0.011406,24.95,,3.300537,0.0043953,4_03,,243.37
E354,5/27/2025,2:27:10 AM,25,25,0,-0.000153,50.19765625,0.037947,25.24,,3.300559,0.0044053,4_04,,126.5
E355,5/27/2025,2:27:20 AM,25,25,0,0.000279,50.50448438,0.009279,24.86,,3.300909,0.0043471,4_05,,322.87
E356,5/27/2025,2:27:30 AM,25,25,0,0.000514,50.38007813,0.044329,24.82,,3.29986,0.0044542,4_06,,243.25
E321,5/27/2025,2:28:36 AM,25,25,0.625,0.62481,70.32948438,0.083733,24.88,,3.300108,0.0044478,1_01,,13010.87
E322,5/27/2025,2:28:46 AM,25,25,0.625,0.624287,70.18007813,0.034218,24.81,,3.299826,0.0044984,1_02,,12915.25
E323,5/27/2025,2:28:56 AM,25,25,0.625,0.624944,70.1359375,0.146921,24.83,,3.300187,0.0043928,1_03,,12887
E324,5/27/2025,2:29:06 AM,25,25,0.625,0.62469,70.14921875,0.036579,24.73,,3.300638,0.0043706,1_04,,12895.5
E325,5/27/2025,2:29:16 AM,25,25,0.625,0.625054,70.058,0.029902,24.71,,3.29986,0.0044922,1_05,,12837.12
E326,5/27/2025,2:29:26 AM,25,25,0.625,0.624656,70.36307813,0.032827,24.76,,3.300119,0.0044388,1_06,,13032.37
E327,5/27/2025,2:29:36 AM,25,25,0.625,0.624972,70.19609375,0.111429,24.79,,3.300153,0.0044286,1_07,,12925.5
E329,5/27/2025,2:29:56 AM,25,25,0.625,0.625034,70.15117188,0.019694,24.58,,3.123426,0.0044011,1_09,,12896.75
E330,5/27/2025,2:30:06 AM,25,25,0.625,0.624399,70.11542188,0.018018,24.84,,3.30065,0.0043563,1_10,,12873.87
E331,5/27/2025,2:30:16 AM,25,25,0.625,0.62468,70.31796875,0.011552,24.72,,3.29969,0.0044418,2_01,,13003.5
E333,5/27/2025,2:30:36 AM,25,25,0.625,0.624989,70.11073438,0.014379,24.82,,3.300458,0.0043439,2_03,,12870.87
E334,5/27/2025,2:30:46 AM,25,25,0.625,0.625441,70.21346875,0.028304,24.74,,3.299939,0.0044499,2_04,,12936.62
E335,5/27/2025,2:30:56 AM,25,25,0.625,0.624634,70.32635938,0.019608,24.76,,3.299115,0.0044878,2_05,,13008.87
E336,5/27/2025,2:31:06 AM,25,25,0.625,0.624714,70.30703125,0.018208,24.9,,3.299871,0.0044719,2_06,,12996.5
E337,5/27/2025,2:31:16 AM,25,25,0.625,0.624329,70.15429688,0.012552,24.7,,3.299611,0.0044517,2_07,,12898.75
E338,5/27/2025,2:31:25 AM,25,25,0.625,0.624872,70.473625,0.078908,24.77,,3.300198,0.0043956,2_08,,13103.12
E339,5/27/2025,2:31:35 AM,25,25,0.625,0.624013,70.25585938,0.043217,24.65,,3.300108,0.0044171,2_09,,12963.75
E340,5/27/2025,2:31:45 AM,25,25,0.625,0.624286,70.37557813,0.017749,24.66,,3.300051,0.0043995,2_10,,13040.37
E341,5/27/2025,2:31:55 AM,25,25,0.625,0.62429,70.07734375,0.175095,24.72,,3.300243,0.0044442,3_01,,12849.5
E342,5/27/2025,2:32:05 AM,25,25,0.625,0.624866,70.11815625,0.187946,24.68,,3.300232,0.0044468,3_02,,12875.62
E343,5/27/2025,2:32:15 AM,25,25,0.625,0.625649,69.98867188,0.182022,24.72,,3.300243,0.0044589,3_03,,12792.75
E344,5/27/2025,2:32:25 AM,25,25,0.625,0.624359,70.22695313,0.10876,24.71,,3.300458,0.0044296,3_04,,12945.25
E345,5/27/2025,2:32:35 AM,25,25,0.625,0.625801,70.3439375,0.360279,24.78,,3.300221,0.0044178,3_05,,13020.12
E346,5/27/2025,2:32:45 AM,25,25,0.625,0.62496,70.22734375,0.022317,24.09,,3.147463,0.0279404,3_06,,12945.5
E347,5/27/2025,2:32:54 AM,25,25,0.625,0.625737,70.00742188,1.862476,24.81,,3.299589,0.00447,3_07,,12804.75
E348,5/27/2025,2:33:04 AM,25,25,0.625,0.624823,70.08417188,0.001553,24.81,,3.300356,0.0044396,3_08,,12853.87
E349,5/27/2025,2:33:14 AM,25,25,0.625,0.625295,70.17010938,0.251776,24.81,,3.300559,0.0043519,3_09,,12908.87
E350,5/27/2025,2:33:24 AM,25,25,0.625,0.625174,69.65117188,0.004418,24.83,,3.299961,0.0044532,3_10,,12576.75
E351,5/27/2025,2:33:34 AM,25,25,0.625,0.624954,70.142375,0.009618,24.89,,3.299927,0.0044438,4_01,,12891.12
E352,5/27/2025,2:33:44 AM,25,25,0.625,0.624964,70.21503125,0.005935,24.88,,3.300029,0.0044937,4_02,,12937.62
E353,5/27/2025,2:33:54 AM,25,25,0.625,0.624528,70.40625,0.011419,24.96,,3.300537,0.004394,4_03,,13060
E354,5/27/2025,2:34:04 AM,25,25,0.625,0.624424,70.12284375,0.024917,25.27,,3.300593,0.0044012,4_04,,12878.62
E355,5/27/2025,2:34:14 AM,25,25,0.625,0.624829,70.4345625,0.007169,24.91,,3.300909,0.0043455,4_05,,13078.12
E356,5/27/2025,2:34:24 AM,25,25,0.625,0.624619,70.3408125,0.025656,24.86,,3.299216,0.0044501,4_06,,13018.12
E321,5/27/2025,2:35:29 AM,25,25,1.25,1.249875,90.13125,0.079269,24.87,,3.300209,0.0044281,1_01,,25684
E322,5/27/2025,2:35:39 AM,25,25,1.25,1.250428,90.03573438,0.032527,24.81,,3.299927,0.0044797,1_02,,25622.87
E323,5/27/2025,2:35:49 AM,25,25,1.25,1.250391,90.17773438,0.139546,24.82,,3.300232,0.0043744,1_03,,25713.75
E324,5/27/2025,2:35:59 AM,25,25,1.25,1.249558,90.16171875,0.034743,24.73,,3.300751,0.0043535,1_04,,25703.5
E325,5/27/2025,2:36:09 AM,25,25,1.25,1.250254,89.99570313,0.028013,24.73,,3.299972,0.0044762,1_05,,25597.25
E326,5/27/2025,2:36:19 AM,25,25,1.25,1.250159,90.2875,0.031807,24.77,,3.300322,0.0044206,1_06,,25784
E327,5/27/2025,2:36:28 AM,25,25,1.25,1.250113,90.19296875,0.106686,24.8,,3.300289,0.0044151,1_07,,25723.5
E329,5/27/2025,2:36:49 AM,25,25,1.25,1.250189,90.0875,0.018038,24.59,,3.127533,0.0043806,1_09,,25656
E330,5/27/2025,2:36:58 AM,25,25,1.25,1.250313,90.12070313,0.017325,24.84,,3.300796,0.0043382,1_10,,25677.25
E331,5/27/2025,2:37:08 AM,25,25,1.25,1.249895,90.1625,0.010855,24.73,,3.299927,0.0044246,2_01,,25704
E333,5/27/2025,2:37:29 AM,25,25,1.25,1.250598,90.1140625,0.013876,24.83,,3.300571,0.004327,2_03,,25673
E334,5/27/2025,2:37:38 AM,25,25,1.25,1.250282,90.11445313,0.027411,24.76,,3.300164,0.0044351,2_04,,25673.25
E335,5/27/2025,2:37:48 AM,25,25,1.25,1.250252,90.29453125,0.019089,24.8,,3.299284,0.0044704,2_05,,25788.5
E336,5/27/2025,2:37:58 AM,25,25,1.25,1.251102,90.25526563,0.0161,24.91,,3.300006,0.0044532,2_06,,25763.37
E337,5/27/2025,2:38:08 AM,25,25,1.25,1.24999,90.2533125,0.011527,24.72,,3.299837,0.0044346,2_07,,25762.12
E338,5/27/2025,2:38:18 AM,25,25,1.25,1.251413,90.43690625,0.064678,24.78,,3.30039,0.0043774,2_08,,25879.62
E339,5/27/2025,2:38:28 AM,25,25,1.25,1.250261,90.12304688,0.040891,24.68,,3.300277,0.0043998,2_09,,25678.75
E340,5/27/2025,2:38:38 AM,25,25,1.25,1.250785,90.31445313,0.01619,24.69,,3.300153,0.0043812,2_10,,25801.25
E341,5/27/2025,2:38:48 AM,25,25,1.25,1.250517,89.95214063,0.160566,24.74,,3.300401,0.0044264,3_01,,25569.37
E342,5/27/2025,2:38:58 AM,25,25,1.25,1.250887,89.88515625,0.173141,24.7,,3.300413,0.0044295,3_02,,25526.5
E343,5/27/2025,2:39:08 AM,25,25,1.25,1.250412,89.97890625,0.167398,24.74,,3.300289,0.0044427,3_03,,25586.5
E344,5/27/2025,2:39:18 AM,25,25,1.25,1.250057,90.43085938,0.102781,24.73,,3.300661,0.0044106,3_04,,25875.75
E345,5/27/2025,2:39:28 AM,25,25,1.25,1.249937,90.28846875,0.321185,24.82,,3.30039,0.0043999,3_05,,25784.62
E346,5/27/2025,2:39:37 AM,25,25,1.25,1.249582,90.1205,0.021356,24.11,,3.147452,0.0279236,3_06,,25677.12
E347,5/27/2025,2:39:47 AM,25,25,1.25,1.250089,90.06659375,1.558654,24.82,,3.299724,0.0044507,3_07,,25642.62
E348,5/27/2025,2:39:57 AM,25,25,1.25,1.250078,90.15995313,0.001479,24.82,,3.300435,0.0044223,3_08,,25702.37
E349,5/27/2025,2:40:07 AM,25,25,1.25,1.250836,90.07460938,0.232296,24.85,,3.30065,0.0043348,3_09,,25647.75
E350,5/27/2025,2:40:17 AM,25,25,1.25,1.250201,89.85390625,0.004405,24.85,,3.300051,0.0044346,3_10,,25506.5
E351,5/27/2025,2:40:27 AM,25,25,1.25,1.250266,90.2564375,0.009718,24.88,,3.300051,0.0044275,4_01,,25764.12
E352,5/27/2025,2:40:37 AM,25,25,1.25,1.250016,90.28807813,0.006117,24.88,,3.300074,0.0044767,4_02,,25784.37
E353,5/27/2025,2:40:47 AM,25,25,1.25,1.25111,90.233,0.01195,24.98,,3.300717,0.0043738,4_03,,25749.12
E354,5/27/2025,2:40:57 AM,25,25,1.25,1.24952,90.06698438,0.018832,25.27,,3.300638,0.0043838,4_04,,25642.87
E355,5/27/2025,2:41:07 AM,25,25,1.25,1.249623,90.2453125,0.005637,24.93,,3.30109,0.0043259,4_05,,25757
E356,5/27/2025,2:41:17 AM,25,25,1.25,1.250233,90.31914063,0.014048,24.85,,3.300108,0.0044313,4_06,,25804.25
E321,5/27/2025,2:42:21 AM,25,25,0,0.000315,50.33885938,0.075593,24.89,,3.299927,0.0044513,1_01,,216.87
E322,5/27/2025,2:42:31 AM,25,25,0,0.000015,50.1564375,0.030611,24.82,,3.299544,0.0045052,1_02,,100.12
E323,5/27/2025,2:42:41 AM,25,25,0,0.000072,50.12401563,0.131602,24.85,,3.300006,0.0043978,1_03,,79.37
E324,5/27/2025,2:42:51 AM,25,25,0,0.000433,50.0564375,0.033073,24.75,,3.300458,0.0043759,1_04,,36.12
E325,5/27/2025,2:43:01 AM,25,25,0,-0.000149,50.03945313,0.027258,24.75,,3.299736,0.0044978,1_05,,25.25
E326,5/27/2025,2:43:11 AM,25,25,0,0.000943,50.39960938,0.029784,24.79,,3.300006,0.0044443,1_06,,255.75
E327,5/27/2025,2:43:21 AM,25,25,0,0.000383,50.21346875,0.102434,24.82,,3.300063,0.0044324,1_07,,136.62
E329,5/27/2025,2:43:41 AM,25,25,0,0.000557,50.17929688,0.016601,24.59,,3.125558,0.0044044,1_09,,114.75
E330,5/27/2025,2:43:51 AM,25,25,0,0.000239,50.19375,0.016442,24.86,,3.300548,0.0043613,1_10,,124
E331,5/27/2025,2:44:01 AM,25,25,0,-0.000445,50.14257813,0.010557,24.75,,3.299544,0.0044472,2_01,,91.25
E333,5/27/2025,2:44:21 AM,25,25,0,0.000111,50.11132813,0.012776,24.85,,3.30039,0.0043472,2_03,,71.25
E334,5/27/2025,2:44:31 AM,25,25,0,0.000685,50.1703125,0.025408,24.8,,3.299984,0.0044506,2_04,,109
E335,5/27/2025,2:44:41 AM,25,25,0,0.000886,50.36854688,0.016877,24.81,,3.298912,0.0044919,2_05,,235.87
E336,5/27/2025,2:44:51 AM,25,25,0,0.000888,50.2984375,0.015655,24.93,,3.299815,0.004473,2_06,,191
E337,5/27/2025,2:45:01 AM,25,25,0,0.000331,50.07148438,0.010461,24.74,,3.299544,0.0044576,2_07,,45.75
E338,5/27/2025,2:45:11 AM,25,25,0,0.000079,50.44023438,0.059886,24.8,,3.300153,0.0043979,2_08,,281.75
E339,5/27/2025,2:45:21 AM,25,25,0,0.000136,50.28026563,0.037879,24.72,,3.300108,0.0044204,2_09,,179.37
E340,5/27/2025,2:45:31 AM,25,25,0,-0.000864,50.37557813,0.014313,24.72,,3.30004,0.0044044,2_10,,240.37
E341,5/27/2025,2:45:40 AM,25,25,0,-0.000125,50.03789063,0.146244,24.77,,3.300085,0.0044494,3_01,,24.25
E342,5/27/2025,2:45:50 AM,25,25,0,0.001182,50.20839063,0.160282,24.72,,3.300063,0.0044497,3_02,,133.37
E343,5/27/2025,2:46:00 AM,25,25,0,0.000325,49.93926563,0.153328,24.76,,3.300187,0.0044645,3_03,,-38.87
E344,5/27/2025,2:46:10 AM,25,25,0,0.000737,50.49510938,0.09631,24.76,,3.30048,0.0044339,3_04,,316.87
E345,5/27/2025,2:46:20 AM,25,25,0,0.000575,50.25351563,0.283632,24.83,,3.300176,0.0044249,3_05,,162.25
E346,5/27/2025,2:46:30 AM,25,25,0,0.000311,50.25078125,0.017955,24.12,,3.147328,0.0279415,3_06,,160.5
E347,5/27/2025,2:46:40 AM,25,25,0,-0.000003,50.08984375,1.559602,24.83,,3.299498,0.0044758,3_07,,57.5
E348,5/27/2025,2:46:50 AM,25,25,0,-0.000431,49.98965625,0.001085,24.82,,3.300221,0.0044459,3_08,,-6.62
E349,5/27/2025,2:47:00 AM,25,25,0,0.000177,50.20273438,0.208609,24.85,,3.300548,0.0043557,3_09,,129.75
E350,5/27/2025,2:47:10 AM,25,25,0,-0.000327,49.67207813,0.004861,24.85,,3.299882,0.0044583,3_10,,-209.87
E351,5/27/2025,2:47:20 AM,25,25,0,0.000616,50.02323438,0.009458,24.91,,3.299894,0.0044475,4_01,,14.87
E352,5/27/2025,2:47:30 AM,25,25,0,0.000184,50.248625,0.005361,24.93,,3.300006,0.0044953,4_02,,159.12
E353,5/27/2025,2:47:39 AM,25,25,0,-0.00008,50.44667188,0.011457,25.01,,3.300413,0.0043947,4_03,,285.87
E354,5/27/2025,2:47:49 AM,25,25,0,-0.000035,50.12167188,0.014798,25.29,,3.30048,0.0044058,4_04,,77.87
E355,5/27/2025,2:47:59 AM,25,25,0,-0.000332,50.48651563,0.004892,24.94,,3.300909,0.0043496,4_05,,311.37
E356,5/27/2025,2:48:09 AM,25,25,0,-0.000026,50.23026563,0.008963,24.88,,3.299995,0.0044544,4_06,,147.37
E321,5/27/2025,2:49:05 AM,25,25,-1.25,-1.250182,10.51426563,0.07023,24.87,,3.300368,0.0044119,1_01,,-25270.87
E322,5/27/2025,2:49:15 AM,25,25,-1.25,-1.249932,10.08770313,0.028201,24.81,,3.300142,0.004464,1_02,,-25543.87
E323,5/27/2025,2:49:25 AM,25,25,-1.25,-1.250195,10.22578125,0.120973,24.82,,3.300492,0.0043576,1_03,,-25455.5
E324,5/27/2025,2:49:35 AM,25,25,-1.25,-1.249114,10.26757813,0.030297,24.71,,3.301011,0.0043333,1_04,,-25428.75
E325,5/27/2025,2:49:45 AM,25,25,-1.25,-1.250487,10.10723438,0.024992,24.73,,3.300311,0.0044514,1_05,,-25531.37
E326,5/27/2025,2:49:55 AM,25,25,-1.25,-1.24905,10.36465625,0.027075,24.76,,3.300593,0.0043999,1_06,,-25366.62
E327,5/27/2025,2:50:05 AM,25,25,-1.25,-1.250272,10.334375,0.09716,24.8,,3.300616,0.004384,1_07,,-25386
E329,5/27/2025,2:50:25 AM,25,25,-1.25,-1.249444,10.17070313,0.015446,24.6,,3.111666,0.004357,1_09,,-25490.75
E330,5/27/2025,2:50:35 AM,25,25,-1.25,-1.250964,10.23867188,0.014831,24.85,,3.301022,0.0043214,1_10,,-25447.25
E331,5/27/2025,2:50:45 AM,25,25,-1.25,-1.250356,10.10567188,0.009665,24.72,,3.300153,0.0043989,2_01,,-25532.37
E333,5/27/2025,2:51:05 AM,25,25,-1.25,-1.249977,10.3109375,0.011636,24.85,,3.300864,0.0043066,2_03,,-25401
E334,5/27/2025,2:51:15 AM,25,25,-1.25,-1.250211,10.13067188,0.024007,24.75,,3.300548,0.0044036,2_04,,-25516.37
E335,5/27/2025,2:51:25 AM,25,25,-1.25,-1.250332,10.54179688,0.016518,24.78,,3.299476,0.0044463,2_05,,-25253.25
E336,5/27/2025,2:51:35 AM,25,25,-1.25,-1.250143,10.39082813,0.01398,24.9,,3.300345,0.0044311,2_06,,-25349.87
E337,5/27/2025,2:51:45 AM,25,25,-1.25,-1.249907,10.08203125,0.008991,24.72,,3.300097,0.0044114,2_07,,-25547.5
E338,5/27/2025,2:51:55 AM,25,25,-1.25,-1.250558,10.6390625,0.056382,24.78,,3.30065,0.0043572,2_08,,-25191
E339,5/27/2025,2:52:05 AM,25,25,-1.25,-1.24959,10.26309375,0.035599,24.69,,3.300582,0.0043787,2_09,,-25431.62
E340,5/27/2025,2:52:15 AM,25,25,-1.25,-1.248988,10.4779375,0.013317,24.69,,3.300503,0.0043649,2_10,,-25294.12
E341,5/27/2025,2:52:25 AM,25,25,-1.25,-1.250062,10.18184375,0.133046,24.74,,3.300695,0.0044051,3_01,,-25483.62
E342,5/27/2025,2:52:34 AM,25,25,-1.25,-1.248157,10.21660938,0.146781,24.71,,3.30065,0.0044014,3_02,,-25461.37
E343,5/27/2025,2:52:44 AM,25,25,-1.25,-1.250307,9.86621875,0.140878,24.77,,3.300638,0.0044175,3_03,,-25685.62
E344,5/27/2025,2:52:54 AM,25,25,-1.25,-1.24911,10.61114063,0.089999,24.74,,3.300819,0.0043978,3_04,,-25208.87
E345,5/27/2025,2:53:04 AM,25,25,-1.25,-1.249621,10.56192188,0.242568,24.8,,3.300683,0.0043839,3_05,,-25240.37
E346,5/27/2025,2:53:14 AM,25,25,-1.25,-1.250281,10.20820313,0.015598,24.1,,3.147847,0.0279003,3_06,,-25466.75
E347,5/27/2025,2:53:24 AM,25,25,-1.25,-1.250319,10.12364063,1.594947,24.8,,3.300006,0.004432,3_07,,-25520.87
E348,5/27/2025,2:53:34 AM,25,25,-1.25,-1.250271,10.24239063,0.000706,24.81,,3.300717,0.0044048,3_08,,-25444.87
E349,5/27/2025,2:53:44 AM,25,25,-1.25,-1.248788,10.19101563,0.178784,24.83,,3.301236,0.0043142,3_09,,-25477.75
E350,5/27/2025,2:53:54 AM,25,25,-1.25,-1.249051,9.754109375,0.00476,24.83,,3.300458,0.0044115,3_10,,-25757.37
E351,5/27/2025,2:54:04 AM,25,25,-1.25,-1.249698,10.16348438,0.009441,24.87,,3.30048,0.0044002,4_01,,-25495.37
E352,5/27/2025,2:54:14 AM,25,25,-1.25,-1.249458,10.31192188,0.005254,24.89,,3.300582,0.0044485,4_02,,-25400.37
E353,5/27/2025,2:54:24 AM,25,25,-1.25,-1.250511,10.29140625,0.011654,24.99,,3.301067,0.0043545,4_03,,-25413.5
E354,5/27/2025,2:54:34 AM,25,25,-1.25,-1.248874,10.15898438,0.011159,25.25,,3.301033,0.0043635,4_04,,-25498.25
E355,5/27/2025,2:54:44 AM,25,25,-1.25,-1.2506,10.35879688,0.004066,24.91,,3.301394,0.0043103,4_05,,-25370.37
E356,5/27/2025,2:54:53 AM,25,25,-1.25,-1.249906,10.3828125,0.006024,24.84,,3.300559,0.0044129,4_06,,-25355
E321,5/27/2025,3:51:01 AM,50,50,-1.25,-1.248118,10.27559375,0.036482,50.07,,3.300537,0.0043937,1_01,,-25423.62
E322,5/27/2025,3:51:11 AM,50,50,-1.25,-1.248257,9.8546875,0.017289,50.03,,3.300243,0.0044446,1_02,,-25693
E323,5/27/2025,3:51:21 AM,50,50,-1.25,-1.249844,10.11328125,0.034881,50.03,,3.300525,0.0043415,1_03,,-25527.5
E324,5/27/2025,3:51:31 AM,50,50,-1.25,-1.250537,10.1935625,0.01565,49.98,,3.300988,0.0043151,1_04,,-25476.12
E325,5/27/2025,3:51:41 AM,50,50,-1.25,-1.250457,10.03575,0.017009,49.97,,3.300221,0.0044385,1_05,,-25577.12
E326,5/27/2025,3:51:51 AM,50,50,-1.25,-1.249601,10.2310625,0.015614,49.99,,3.300514,0.004383,1_06,,-25452.12
E327,5/27/2025,3:52:01 AM,50,50,-1.25,-1.247844,10.03242188,0.04052,50.01,,3.300537,0.0043647,1_07,,-25579.25
E329,5/27/2025,3:52:21 AM,50,50,-1.25,-1.249259,10.09453125,0.010942,49.88,,3.169819,0.0043459,1_09,,-25539.5
E330,5/27/2025,3:52:31 AM,50,50,-1.25,-1.247521,10.11504688,0.011844,50.12,,3.300977,0.004307,1_10,,-25526.37
E331,5/27/2025,3:52:41 AM,50,50,-1.25,-1.249676,9.95078125,0.004713,50,,3.299894,0.0043837,2_01,,-25631.5
E333,5/27/2025,3:53:01 AM,50,50,-1.25,-1.248746,10.02851563,0.008762,50.09,,3.300898,0.0042934,2_03,,-25581.75
E334,5/27/2025,3:53:11 AM,50,50,-1.25,-1.249487,9.9875,0.018772,50.04,,3.30048,0.0043846,2_04,,-25608
E335,5/27/2025,3:53:21 AM,50,50,-1.25,-1.248984,10.11914063,0.012589,50.04,,3.29951,0.004429,2_05,,-25523.75
E336,5/27/2025,3:53:31 AM,50,50,-1.25,-1.249068,10.0966875,0.011233,50.19,,3.300322,0.0044097,2_06,,-25538.12
E337,5/27/2025,3:53:41 AM,50,50,-1.25,-1.247539,10.29746875,0.005804,50.09,,3.300074,0.0043938,2_07,,-25409.62
E338,5/27/2025,3:53:51 AM,50,50,-1.25,-1.250034,9.9248125,0.043897,50.17,,3.30065,0.0043421,2_08,,-25648.12
E339,5/27/2025,3:54:01 AM,50,50,-1.25,-1.248573,10.02520313,0.024384,50.09,,3.300593,0.0043639,2_09,,-25583.87
E340,5/27/2025,3:54:11 AM,50,50,-1.25,-1.249351,10.13848438,0.011893,50.11,,3.300176,0.0043507,2_10,,-25511.37
E341,5/27/2025,3:54:21 AM,50,50,-1.25,-1.250136,10.0734375,0.110602,50.13,,3.300627,0.0043863,3_01,,-25553
E342,5/27/2025,3:54:31 AM,50,50,-1.25,-1.251419,10.12090625,0.122661,50.13,,3.300751,0.0043838,3_02,,-25522.62
E343,5/27/2025,3:54:40 AM,50,50,-1.25,-1.251156,9.928328125,0.125577,50.17,,3.300548,0.0043999,3_03,,-25645.87
E344,5/27/2025,3:54:50 AM,50,50,-1.25,-1.250543,10.24395313,0.086022,50.14,,3.300864,0.00438,3_04,,-25443.87
E345,5/27/2025,3:55:00 AM,50,50,-1.25,-1.248831,10.17207813,0.123662,49.89,,3.300785,0.0043644,3_05,,-25489.87
E346,5/27/2025,3:55:10 AM,50,50,-1.25,-1.250104,10.92226563,0.011345,43.13,,3.224406,0.0160882,3_06,,-25009.75
E347,5/27/2025,3:55:20 AM,50,50,-1.25,-1.249304,10.11640625,1.123178,49.9,,3.300006,0.0044147,3_07,,-25525.5
E348,5/27/2025,3:55:30 AM,50,50,-1.25,-1.248769,10.04278125,0.001872,49.93,,3.300695,0.0043855,3_08,,-25572.62
E349,5/27/2025,3:55:40 AM,50,50,-1.25,-1.249996,10.18223438,0.094008,49.99,,3.30118,0.0043005,3_09,,-25483.37
E350,5/27/2025,3:55:50 AM,50,50,-1.25,-1.248075,10.04921875,0.024397,50.02,,3.300345,0.0043933,3_10,,-25568.5
E351,5/27/2025,3:56:00 AM,50,50,-1.25,-1.250989,10.3640625,0.038106,50,,3.300266,0.0043821,4_01,,-25367
E352,5/27/2025,3:56:10 AM,50,50,-1.25,-1.249826,10.05742188,0.02423,49.99,,3.30048,0.0044268,4_02,,-25563.25
E353,5/27/2025,3:56:19 AM,50,50,-1.25,-1.249429,24.02403125,0.040613,50.05,,3.300706,0.004373,4_03,,-16624.62
E354,5/27/2025,3:56:29 AM,50,50,-1.25,-1.250004,10.01484375,0.029578,50.37,,3.300966,0.0043435,4_04,,-25590.5
E355,5/27/2025,3:56:39 AM,50,50,-1.25,-1.249314,10.27109375,0.022176,49.99,,3.301248,0.0042996,4_05,,-25426.5
E356,5/27/2025,3:56:49 AM,50,50,-1.25,-1.248752,10.27246875,0.030933,49.97,,3.300559,0.0043953,4_06,,-25425.62
E321,5/27/2025,3:57:55 AM,50,50,-0.625,-0.623859,30.22676563,0.035146,50.14,,3.30004,0.0044293,1_01,,-12654.87
E322,5/27/2025,3:58:05 AM,50,50,-0.625,-0.624836,29.80820313,0.017418,50.06,,3.299758,0.0044819,1_02,,-12922.75
E323,5/27/2025,3:58:15 AM,50,50,-0.625,-0.625526,30.02871875,0.033892,50.04,,3.30004,0.004377,1_03,,-12781.62
E324,5/27/2025,3:58:24 AM,50,50,-0.625,-0.624667,30.09629688,0.015639,50.02,,3.300582,0.0043509,1_04,,-12738.37
E325,5/27/2025,3:58:34 AM,50,50,-0.625,-0.625126,30.03632813,0.017032,50.01,,3.299657,0.004476,1_05,,-12776.75
E326,5/27/2025,3:58:44 AM,50,50,-0.625,-0.625027,30.00039063,0.015053,50.02,,3.300074,0.0044219,1_06,,-12799.75
E327,5/27/2025,3:58:54 AM,50,50,-0.625,-0.62586,29.82109375,0.040337,50.03,,3.300063,0.0044044,1_07,,-12914.5
E329,5/27/2025,3:59:14 AM,50,50,-0.625,-0.62461,30.06660938,0.011729,49.98,,3.206609,0.0043867,1_09,,-12757.37
E330,5/27/2025,3:59:24 AM,50,50,-0.625,-0.625598,30.06484375,0.011431,50.16,,3.300492,0.0043416,1_10,,-12758.5
E331,5/27/2025,3:59:34 AM,50,50,-0.625,-0.623398,29.85234375,0.005017,50.04,,3.299487,0.0044274,2_01,,-12894.5
E333,5/27/2025,3:59:54 AM,50,50,-0.625,-0.624553,30.05859375,0.009608,50.16,,3.300424,0.0043286,2_03,,-12762.5
E334,5/27/2025,4:00:04 AM,50,50,-0.625,-0.622647,29.9466875,0.017357,50.09,,3.299939,0.0044245,2_04,,-12834.12
E335,5/27/2025,4:00:14 AM,50,50,-0.625,-0.625334,30.20098438,0.012722,50.1,,3.298889,0.004468,2_05,,-12671.37
E336,5/27/2025,4:00:24 AM,50,50,-0.625,-0.624424,29.98809375,0.010873,50.25,,3.299781,0.0044493,2_06,,-12807.62
E337,5/27/2025,4:00:34 AM,50,50,-0.625,-0.624653,30.19825,0.004841,50.18,,3.299566,0.0044319,2_07,,-12673.12
E338,5/27/2025,4:00:44 AM,50,50,-0.625,-0.623575,30.09590625,0.043937,50.25,,3.30004,0.0043788,2_08,,-12738.62
E339,5/27/2025,4:00:54 AM,50,50,-0.625,-0.625705,29.95801563,0.023625,50.16,,3.300074,0.0044005,2_09,,-12826.87
E340,5/27/2025,4:01:04 AM,50,50,-0.625,-0.624972,30.04414063,0.011408,50.19,,3.299645,0.0043861,2_10,,-12771.75
E341,5/27/2025,4:01:14 AM,50,50,-0.625,-0.625851,30.0140625,0.10691,50.21,,3.30004,0.0044229,3_01,,-12791
E342,5/27/2025,4:01:24 AM,50,50,-0.625,-0.625853,30.08692188,0.119125,50.2,,3.300085,0.0044236,3_02,,-12744.37
E343,5/27/2025,4:01:34 AM,50,50,-0.625,-0.625823,29.86796875,0.122841,50.24,,3.300063,0.0044383,3_03,,-12884.5
E344,5/27/2025,4:01:43 AM,50,50,-0.625,-0.625166,30.15567188,0.083331,50.22,,3.30039,0.0044138,3_04,,-12700.37
E345,5/27/2025,4:01:53 AM,50,50,-0.625,-0.625615,30.18770313,0.119956,49.94,,3.300277,0.0044001,3_05,,-12679.87
E346,5/27/2025,4:02:03 AM,50,50,-0.625,-0.625145,30.81523438,0.011609,43.17,,3.223763,0.0161235,3_06,,-12278.25
E347,5/27/2025,4:02:13 AM,50,50,-0.625,-0.624055,30.182625,1.017502,49.93,,3.299566,0.0044531,3_07,,-12683.12
E348,5/27/2025,4:02:23 AM,50,50,-0.625,-0.625205,29.907625,0.001636,49.97,,3.300243,0.0044231,3_08,,-12859.12
E349,5/27/2025,4:02:33 AM,50,50,-0.625,-0.624226,30.04473438,0.084077,50.03,,3.300762,0.0043361,3_09,,-12771.37
E350,5/27/2025,4:02:43 AM,50,50,-0.625,-0.624079,30.04590625,0.024889,50.04,,3.299724,0.0044299,3_10,,-12770.62
E351,5/27/2025,4:02:53 AM,50,50,-0.625,-0.625261,30.25429688,0.038876,50.02,,3.299792,0.0044219,4_01,,-12637.25
E352,5/27/2025,4:03:03 AM,50,50,-0.625,-0.622202,30.2904375,0.024471,50.04,,3.299995,0.0044664,4_02,,-12614.12
E353,5/27/2025,4:03:13 AM,50,50,-0.625,-0.624572,35.3890625,0.040949,50.05,,3.300277,0.004378,4_03,,-9351
E354,5/27/2025,4:03:23 AM,50,50,-0.625,-0.623393,30.00801563,0.029358,50.43,,3.300413,0.0043808,4_04,,-12794.87
E355,5/27/2025,4:03:33 AM,50,50,-0.625,-0.623981,30.14726563,0.021959,50.02,,3.300842,0.0043334,4_05,,-12705.75
E356,5/27/2025,4:03:43 AM,50,50,-0.625,-0.624837,30.192,0.030978,50.01,,3.300018,0.0044305,4_06,,-12677.12
E321,5/27/2025,4:04:53 AM,50,50,0,0.000185,50.33671875,0.033984,50.14,,3.299927,0.004435,1_01,,215.5
E322,5/27/2025,4:05:03 AM,50,50,0,0.00056,49.753125,0.016201,50.07,,3.299577,0.0044894,1_02,,-158
E323,5/27/2025,4:05:13 AM,50,50,0,-0.000044,49.93145313,0.032397,50.05,,3.299972,0.0043847,1_03,,-43.87
E324,5/27/2025,4:05:23 AM,50,50,0,0.000695,50.08515625,0.015079,50.05,,3.300424,0.0043601,1_04,,54.5
E325,5/27/2025,4:05:33 AM,50,50,0,0.000195,49.9685625,0.016867,50.02,,3.299679,0.0044885,1_05,,-20.12
E326,5/27/2025,4:05:43 AM,50,50,0,-0.000197,50.158,0.014413,50.05,,3.299894,0.0044298,1_06,,101.12
E327,5/27/2025,4:05:53 AM,50,50,0,0.000558,49.98223438,0.039416,50.05,,3.299927,0.0044154,1_07,,-11.37
E329,5/27/2025,4:06:13 AM,50,50,0,0.000462,49.99101563,0.011604,50,,3.201937,0.0043978,1_09,,-5.75
E330,5/27/2025,4:06:23 AM,50,50,0,0.001042,50.0095625,0.012063,50.19,,3.300492,0.004349,1_10,,6.12
E331,5/27/2025,4:06:33 AM,50,50,0,0.002511,49.99453125,0.005195,50.07,,3.29942,0.0044357,2_01,,-3.5
E333,5/27/2025,4:06:53 AM,50,50,0,0.000905,50.14609375,0.008761,50.17,,3.300345,0.0043357,2_03,,93.5
E334,5/27/2025,4:07:03 AM,50,50,0,0.00018,49.98653125,0.017314,50.12,,3.299894,0.004434,2_04,,-8.62
E335,5/27/2025,4:07:13 AM,50,50,0,0.001027,50.1251875,0.011565,50.15,,3.298946,0.0044789,2_05,,80.12
E336,5/27/2025,4:07:23 AM,50,50,0,-0.000104,50.03085938,0.010658,50.3,,3.299758,0.0044586,2_06,,19.75
E337,5/27/2025,4:07:33 AM,50,50,0,0.001495,50.27753125,0.004707,50.23,,3.299577,0.0044401,2_07,,177.62
E338,5/27/2025,4:07:43 AM,50,50,0,0.00134,50.15546875,0.042455,50.3,,3.300176,0.0043855,2_08,,99.5
E339,5/27/2025,4:07:53 AM,50,50,0,0.000051,49.96817188,0.023144,50.22,,3.300097,0.0044094,2_09,,-20.37
E340,5/27/2025,4:08:02 AM,50,50,0,-0.00011,49.87598438,0.010587,50.25,,3.299645,0.0043949,2_10,,-79.37
E341,5/27/2025,4:08:12 AM,50,50,0,0.00196,50.01073438,0.103525,50.26,,3.300198,0.004432,3_01,,6.87
E342,5/27/2025,4:08:22 AM,50,50,0,0.001081,50.15917188,0.114728,50.28,,3.300119,0.004434,3_02,,101.87
E343,5/27/2025,4:08:32 AM,50,50,0,0.001721,50.03534375,0.118825,50.28,,3.300108,0.0044474,3_03,,22.62
E344,5/27/2025,4:08:42 AM,50,50,0,0.000932,50.12753125,0.080533,50.27,,3.300435,0.0044198,3_04,,81.62
E345,5/27/2025,4:08:52 AM,50,50,0,-0.000128,50.18026563,0.1164,49.95,,3.300334,0.0044087,3_05,,115.37
E346,5/27/2025,4:09:02 AM,50,50,0,-0.000186,50.73632813,0.009933,43.19,,3.224056,0.0161313,3_06,,471.25
E347,5/27/2025,4:09:12 AM,50,50,0,0.000332,50.17284375,0.575497,49.97,,3.299442,0.0044618,3_07,,110.62
E348,5/27/2025,4:09:22 AM,50,50,0,-0.000065,49.89804688,0.001928,49.98,,3.300176,0.0044315,3_08,,-65.25
E349,5/27/2025,4:09:32 AM,50,50,0,-0.00102,50.00742188,0.077051,50.05,,3.30074,0.0043461,3_09,,4.75
E350,5/27/2025,4:09:41 AM,50,50,0,0.000719,49.96679688,0.024549,50.08,,3.29995,0.0044413,3_10,,-21.25
E351,5/27/2025,4:09:51 AM,50,50,0,-0.000244,50.18339063,0.038604,50.06,,3.299758,0.0044309,4_01,,117.37
E352,5/27/2025,4:10:01 AM,50,50,0,0.001246,50.43885938,0.023604,50.04,,3.299939,0.004475,4_02,,280.87
E353,5/27/2025,4:10:11 AM,50,50,0,-0.000699,50.16776563,0.040755,50.07,,3.30039,0.0043802,4_03,,107.37
E354,5/27/2025,4:10:21 AM,50,50,0,0.000071,49.9203125,0.028214,50.43,,3.300492,0.0043891,4_04,,-51
E355,5/27/2025,4:10:31 AM,50,50,0,0.000172,50.13203125,0.023559,50.03,,3.30083,0.0043412,4_05,,84.5
E356,5/27/2025,4:10:41 AM,50,50,0,-0.000662,50.16034375,0.030011,50.04,,3.300074,0.0044386,4_06,,102.62
E321,5/27/2025,4:11:47 AM,50,50,0.625,0.624898,70.3658125,0.034192,50.15,,3.300074,0.0044324,1_01,,13034.12
E322,5/27/2025,4:11:57 AM,50,50,0.625,0.625507,69.76815625,0.017051,50.13,,3.299826,0.0044822,1_02,,12651.62
E323,5/27/2025,4:12:07 AM,50,50,0.625,0.627837,69.89003125,0.031342,50.07,,3.300153,0.0043787,1_03,,12729.62
E324,5/27/2025,4:12:17 AM,50,50,0.625,0.624892,70.03221875,0.015501,50.05,,3.300661,0.0043548,1_04,,12820.62
E325,5/27/2025,4:12:27 AM,50,50,0.625,0.626585,69.925,0.015898,50.03,,3.299758,0.0044817,1_05,,12752
E326,5/27/2025,4:12:37 AM,50,50,0.625,0.623879,70.04921875,0.013865,50.04,,3.300006,0.004424,1_06,,12831.5
E327,5/27/2025,4:12:47 AM,50,50,0.625,0.624375,70.1158125,0.038,50.06,,3.300029,0.0044108,1_07,,12874.12
E329,5/27/2025,4:13:07 AM,50,50,0.625,0.625322,69.9876875,0.011635,50.01,,3.220817,0.0043928,1_09,,12792.12
E330,5/27/2025,4:13:17 AM,50,50,0.625,0.625151,69.97109375,0.011888,50.2,,3.300571,0.0043441,1_10,,12781.5
E331,5/27/2025,4:13:27 AM,50,50,0.625,0.625752,69.97714063,0.004677,50.09,,3.299408,0.0044309,2_01,,12785.37
E333,5/27/2025,4:13:47 AM,50,50,0.625,0.62517,70.1140625,0.008425,50.21,,3.300435,0.0043336,2_03,,12873
E334,5/27/2025,4:13:57 AM,50,50,0.625,0.626063,70.09003125,0.017324,50.14,,3.299995,0.0044324,2_04,,12857.62
E335,5/27/2025,4:14:07 AM,50,50,0.625,0.626493,70.06854688,0.011378,50.15,,3.299081,0.0044737,2_05,,12843.87
E336,5/27/2025,4:14:17 AM,50,50,0.625,0.62582,69.958,0.009562,50.31,,3.299961,0.0044537,2_06,,12773.12
E337,5/27/2025,4:14:27 AM,50,50,0.625,0.624744,70.13690625,0.006119,50.25,,3.299577,0.0044355,2_07,,12887.62
E338,5/27/2025,4:14:37 AM,50,50,0.625,0.625754,70.09726563,0.041896,50.32,,3.300198,0.0043837,2_08,,12862.25
E339,5/27/2025,4:14:47 AM,50,50,0.625,0.625465,69.80078125,0.021862,50.26,,3.300085,0.0044035,2_09,,12672.5
E340,5/27/2025,4:14:57 AM,50,50,0.625,0.62562,69.95,0.011031,50.26,,3.299589,0.004388,2_10,,12768
E341,5/27/2025,4:15:07 AM,50,50,0.625,0.625674,70.09296875,0.101542,50.26,,3.3003,0.0044256,3_01,,12859.5
E342,5/27/2025,4:15:16 AM,50,50,0.625,0.624068,70.12635938,0.111758,50.29,,3.300255,0.0044303,3_02,,12880.87
E343,5/27/2025,4:15:26 AM,50,50,0.625,0.625616,69.9908125,0.115516,50.32,,3.300085,0.0044416,3_03,,12794.12
E344,5/27/2025,4:15:36 AM,50,50,0.625,0.625542,70.21210938,0.06798,50.29,,3.300356,0.0044144,3_04,,12935.75
E345,5/27/2025,4:15:46 AM,50,50,0.625,0.62547,70.05507813,0.112144,49.96,,3.300469,0.0044016,3_05,,12835.25
E346,5/27/2025,4:15:56 AM,50,50,0.625,0.624586,70.64042188,0.01004,43.19,,3.223819,0.0161318,3_06,,13209.87
E347,5/27/2025,4:16:06 AM,50,50,0.625,0.624308,70.13026563,0.494515,49.98,,3.299453,0.0044548,3_07,,12883.37
E348,5/27/2025,4:16:16 AM,50,50,0.625,0.624723,69.85370313,0.002844,49.99,,3.30039,0.0044253,3_08,,12706.37
E349,5/27/2025,4:16:26 AM,50,50,0.625,0.625697,69.91229688,0.07205,50.05,,3.300819,0.0043399,3_09,,12743.87
E350,5/27/2025,4:16:36 AM,50,50,0.625,0.625773,69.91542188,0.025168,50.11,,3.30004,0.0044349,3_10,,12745.87
E351,5/27/2025,4:16:46 AM,50,50,0.625,0.62606,70.04101563,0.037,50.05,,3.299882,0.0044271,4_01,,12826.25
E352,5/27/2025,4:16:55 AM,50,50,0.625,0.625274,70.367375,0.023669,50.06,,3.300018,0.0044732,4_02,,13035.12
E353,5/27/2025,4:17:05 AM,50,50,0.625,0.625941,68.32870313,0.039522,50.07,,3.300559,0.0043753,4_03,,11730.37
E354,5/27/2025,4:17:15 AM,50,50,0.625,0.624375,69.83398438,0.029548,50.43,,3.300616,0.0043831,4_04,,12693.75
E355,5/27/2025,4:17:25 AM,50,50,0.625,0.625097,70.12284375,0.02357,50.05,,3.300943,0.0043349,4_05,,12878.62
E356,5/27/2025,4:17:35 AM,50,50,0.625,0.626499,70.13320313,0.03053,50.04,,3.300164,0.0044331,4_06,,12885.25
E321,5/27/2025,4:18:47 AM,50,50,1.25,1.249729,90.19765625,0.033314,50.17,,3.300277,0.0044118,1_01,,25726.5
E322,5/27/2025,4:18:57 AM,50,50,1.25,1.249812,89.66073438,0.01538,50.12,,3.299972,0.0044628,1_02,,25382.87
E323,5/27/2025,4:19:07 AM,50,50,1.25,1.250473,89.96953125,0.031058,50.09,,3.300334,0.0043613,1_03,,25580.5
E324,5/27/2025,4:19:17 AM,50,50,1.25,1.251574,89.91875,0.015273,50.04,,3.300796,0.0043377,1_04,,25548
E325,5/27/2025,4:19:26 AM,50,50,1.25,1.251614,89.91932813,0.015634,50.03,,3.300153,0.0044654,1_05,,25548.37
E326,5/27/2025,4:19:36 AM,50,50,1.25,1.249803,90.12792188,0.013073,50.06,,3.300322,0.0044061,1_06,,25681.87
E327,5/27/2025,4:19:46 AM,50,50,1.25,1.249337,90.04921875,0.037077,50.08,,3.300311,0.0043968,1_07,,25631.5
E329,5/27/2025,4:20:06 AM,50,50,1.25,1.250426,90.05721875,0.011741,50.02,,3.224722,0.0043748,1_09,,25636.62
E330,5/27/2025,4:20:16 AM,50,50,1.25,1.24942,89.92734375,0.012459,50.2,,3.300808,0.0043263,1_10,,25553.5
E331,5/27/2025,4:20:26 AM,50,50,1.25,1.250652,90.05429688,0.004813,50.08,,3.299702,0.0044126,2_01,,25634.75
E333,5/27/2025,4:20:46 AM,50,50,1.25,1.250139,89.97284375,0.007914,50.21,,3.30065,0.0043163,2_03,,25582.62
E334,5/27/2025,4:20:56 AM,50,50,1.25,1.248686,90.21073438,0.016382,50.13,,3.300277,0.0044163,2_04,,25734.87
E335,5/27/2025,4:21:06 AM,50,50,1.25,1.253093,90.15664063,0.011472,50.16,,3.299262,0.004457,2_05,,25700.25
E336,5/27/2025,4:21:16 AM,50,50,1.25,1.250989,89.7439375,0.008506,50.3,,3.300097,0.0044364,2_06,,25436.12
E337,5/27/2025,4:21:26 AM,50,50,1.25,1.250481,90.04257813,0.006021,50.26,,3.299837,0.0044184,2_07,,25627.25
E338,5/27/2025,4:21:36 AM,50,50,1.25,1.250547,90.04804688,0.039063,50.34,,3.300424,0.0043671,2_08,,25630.75
E339,5/27/2025,4:21:46 AM,50,50,1.25,1.251003,89.77440625,0.021293,50.24,,3.300447,0.0043874,2_09,,25455.62
E340,5/27/2025,4:21:56 AM,50,50,1.25,1.251479,90.09784375,0.009494,50.26,,3.29995,0.00437,2_10,,25662.62
E341,5/27/2025,4:22:06 AM,50,50,1.25,1.248895,89.97167188,0.098082,50.29,,3.300435,0.0044104,3_01,,25581.87
E342,5/27/2025,4:22:16 AM,50,50,1.25,1.250121,90.04159375,0.108128,50.29,,3.300311,0.0044129,3_02,,25626.62
E343,5/27/2025,4:22:26 AM,50,50,1.25,1.249603,89.7939375,0.112721,50.33,,3.300322,0.0044265,3_03,,25468.12
E344,5/27/2025,4:22:36 AM,50,50,1.25,1.250011,90.01875,0.066693,50.29,,3.300774,0.0043951,3_04,,25612
E345,5/27/2025,4:22:46 AM,50,50,1.25,1.25076,89.97792188,0.108908,49.98,,3.300492,0.0043826,3_05,,25585.87
E346,5/27/2025,4:22:56 AM,50,50,1.25,1.250789,90.44375,0.01069,43.19,,3.224135,0.0161139,3_06,,25884
E347,5/27/2025,4:23:05 AM,50,50,1.25,1.251244,89.89628125,0.401866,49.96,,3.299566,0.0044371,3_07,,25533.62
E348,5/27/2025,4:23:15 AM,50,50,1.25,1.251012,89.85760938,0.0024,50.01,,3.300537,0.0044076,3_08,,25508.87
E349,5/27/2025,4:23:25 AM,50,50,1.25,1.2512,89.99354688,0.06033,50.07,,3.301067,0.004324,3_09,,25595.87
E350,5/27/2025,4:23:35 AM,50,50,1.25,1.249822,89.78671875,0.025372,50.09,,3.300266,0.0044176,3_10,,25463.5
E351,5/27/2025,4:23:45 AM,50,50,1.25,1.249406,90.15839063,0.037583,50.06,,3.300051,0.0044114,4_01,,25701.37
E352,5/27/2025,4:23:55 AM,50,50,1.25,1.250678,90.07792188,0.024694,50.05,,3.300142,0.0044571,4_02,,25649.87
E353,5/27/2025,4:24:05 AM,50,50,1.25,1.250126,89.96523438,0.039641,50.07,,3.300695,0.0043587,4_03,,25577.75
E354,5/27/2025,4:24:15 AM,50,50,1.25,1.252664,90.00703125,0.029484,50.44,,3.300898,0.0043662,4_04,,25604.5
E355,5/27/2025,4:24:25 AM,50,50,1.25,1.251047,90.10273438,0.023685,50.04,,3.301203,0.0043165,4_05,,25665.75
E356,5/27/2025,4:24:35 AM,50,50,1.25,1.25207,89.98182813,0.029573,50.05,,3.300356,0.0044156,4_06,,25588.37
E321,5/27/2025,4:25:40 AM,50,50,0,-0.000178,50.278125,0.032261,50.15,,3.300176,0.0044351,1_01,,178
E322,5/27/2025,4:25:49 AM,50,50,0,0.001353,49.5873125,0.016496,50.13,,3.29969,0.0044887,1_02,,-264.12
E323,5/27/2025,4:25:59 AM,50,50,0,0.001814,49.86114063,0.028471,50.11,,3.299972,0.0043861,1_03,,-88.87
E324,5/27/2025,4:26:09 AM,50,50,0,0.000964,50.06992188,0.013396,50.08,,3.30048,0.0043604,1_04,,44.75
E325,5/27/2025,4:26:19 AM,50,50,0,0.000486,49.86445313,0.01484,50.05,,3.299758,0.0044877,1_05,,-86.75
E326,5/27/2025,4:26:29 AM,50,50,0,0.000905,50.07909375,0.014187,50.07,,3.300108,0.0044293,1_06,,50.62
E327,5/27/2025,4:26:39 AM,50,50,0,-0.000711,49.89921875,0.036366,50.11,,3.299995,0.0044157,1_07,,-64.5
E329,5/27/2025,4:26:59 AM,50,50,0,-0.000434,49.9890625,0.010894,50.06,,3.21715,0.0043998,1_09,,-7
E330,5/27/2025,4:27:09 AM,50,50,0,0.000787,50.0109375,0.01101,50.22,,3.300322,0.0043489,1_10,,7
E331,5/27/2025,4:27:19 AM,50,50,0,0.001828,49.90332813,0.00456,50.1,,3.299408,0.0044365,2_01,,-61.87
E333,5/27/2025,4:27:39 AM,50,50,0,0.000552,50.09453125,0.007092,50.23,,3.30039,0.0043346,2_03,,60.5
E334,5/27/2025,4:27:49 AM,50,50,0,0.001414,50.028125,0.01654,50.15,,3.300074,0.0044343,2_04,,18
E335,5/27/2025,4:27:59 AM,50,50,0,0.000794,49.98125,0.01237,50.18,,3.298788,0.0044791,2_05,,-12
E336,5/27/2025,4:28:09 AM,50,50,0,-0.000287,49.98125,0.008717,50.34,,3.299815,0.0044574,2_06,,-12
E337,5/27/2025,4:28:19 AM,50,50,0,0.000271,50.20565625,0.00403,50.29,,3.299611,0.0044402,2_07,,131.62
E338,5/27/2025,4:28:29 AM,50,50,0,-0.00071,50.19335938,0.038825,50.36,,3.300119,0.0043856,2_08,,123.75
E339,5/27/2025,4:28:39 AM,50,50,0,0.001772,49.9591875,0.021803,50.28,,3.30004,0.0044096,2_09,,-26.12
E340,5/27/2025,4:28:49 AM,50,50,0,0.000116,49.8671875,0.01011,50.28,,3.299679,0.0043942,2_10,,-85
E341,5/27/2025,4:28:59 AM,50,50,0,-0.000234,50.05625,0.096449,50.32,,3.300153,0.0044318,3_01,,36
E342,5/27/2025,4:29:09 AM,50,50,0,-0.000769,50.05565625,0.105933,50.33,,3.300063,0.0044344,3_02,,35.62
E343,5/27/2025,4:29:18 AM,50,50,0,0.000205,49.88965625,0.110642,50.36,,3.300119,0.0044472,3_03,,-70.62
E344,5/27/2025,4:29:28 AM,50,50,0,0.00121,50.04296875,0.06534,50.31,,3.300447,0.0044208,3_04,,27.5
E345,5/27/2025,4:29:38 AM,50,50,0,-0.000392,50.03807813,0.104864,50,,3.300006,0.0044088,3_05,,24.37
E346,5/27/2025,4:29:48 AM,50,50,0,0.002082,50.7533125,0.010597,43.2,,3.223289,0.016131,3_06,,482.12
E347,5/27/2025,4:29:58 AM,50,50,0,0.001068,50.09354688,0.357525,50,,3.299341,0.0044606,3_07,,59.87
E348,5/27/2025,4:30:08 AM,50,50,0,0.000301,49.8953125,0.001448,50.01,,3.300209,0.0044321,3_08,,-67
E349,5/27/2025,4:30:18 AM,50,50,0,0.000511,49.99023438,0.056145,50.07,,3.300774,0.0043448,3_09,,-6.25
E350,5/27/2025,4:30:28 AM,50,50,0,-0.001085,49.73809375,0.024713,50.11,,3.299927,0.0044413,3_10,,-167.62
E351,5/27/2025,4:30:38 AM,50,50,0,0.000412,50.19979688,0.037025,50.07,,3.299871,0.0044311,4_01,,127.87
E352,5/27/2025,4:30:48 AM,50,50,0,-0.000318,50.4421875,0.024392,50.07,,3.300051,0.0044751,4_02,,283
E353,5/27/2025,4:30:58 AM,50,50,0,-0.000507,50.15565625,0.039383,50.07,,3.300142,0.0043809,4_03,,99.62
E354,5/27/2025,4:31:08 AM,50,50,0,-0.000729,49.71934375,0.028265,50.46,,3.300379,0.0043898,4_04,,-179.62
E355,5/27/2025,4:31:18 AM,50,50,0,0.000204,50.1345625,0.023481,50.07,,3.300853,0.0043413,4_05,,86.12
E356,5/27/2025,4:31:28 AM,50,50,0,0.001728,50.06698438,0.030577,50.06,,3.299803,0.0044394,4_06,,42.87
E321,5/27/2025,4:32:31 AM,50,50,-1.25,-1.25039,10.23398438,0.032272,50.16,,3.300458,0.0043924,1_01,,-25450.25
E322,5/27/2025,4:32:41 AM,50,50,-1.25,-1.249621,9.73515625,0.016111,50.1,,3.300153,0.0044431,1_02,,-25769.5
E323,5/27/2025,4:32:51 AM,50,50,-1.25,-1.249572,10.16465625,0.027379,50.07,,3.300548,0.004341,1_03,,-25494.62
E324,5/27/2025,4:33:01 AM,50,50,-1.25,-1.249585,10.13301563,0.013151,50.06,,3.300909,0.0043164,1_04,,-25514.87
E325,5/27/2025,4:33:11 AM,50,50,-1.25,-1.2495,9.96309375,0.014055,50.03,,3.300063,0.0044377,1_05,,-25623.62
E326,5/27/2025,4:33:21 AM,50,50,-1.25,-1.249052,10.20528125,0.012615,50.06,,3.300368,0.004382,1_06,,-25468.62
E327,5/27/2025,4:33:31 AM,50,50,-1.25,-1.249545,9.95996875,0.035387,50.09,,3.300424,0.0043634,1_07,,-25625.62
E329,5/27/2025,4:33:51 AM,50,50,-1.25,-1.248679,9.993171875,0.009867,50.05,,3.23612,0.0043505,1_09,,-25604.37
E330,5/27/2025,4:34:01 AM,50,50,-1.25,-1.248651,10.02403125,0.011684,50.21,,3.300943,0.0043071,1_10,,-25584.62
E331,5/27/2025,4:34:11 AM,50,50,-1.25,-1.249325,9.921296875,0.003625,50.07,,3.29986,0.0043841,2_01,,-25650.37
E333,5/27/2025,4:34:31 AM,50,50,-1.25,-1.251189,10.01835938,0.009158,50.21,,3.300966,0.0042929,2_03,,-25588.25
E334,5/27/2025,4:34:41 AM,50,50,-1.25,-1.249677,9.91953125,0.0148,50.13,,3.300356,0.0043832,2_04,,-25651.5
E335,5/27/2025,4:34:51 AM,50,50,-1.25,-1.249808,10.12539063,0.011317,50.17,,3.299307,0.0044289,2_05,,-25519.75
E336,5/27/2025,4:35:01 AM,50,50,-1.25,-1.248426,10.12070313,0.008213,50.31,,3.300209,0.0044114,2_06,,-25522.75
E337,5/27/2025,4:35:11 AM,50,50,-1.25,-1.249635,10.17520313,0.004183,50.25,,3.299995,0.0043934,2_07,,-25487.87
E338,5/27/2025,4:35:21 AM,50,50,-1.25,-1.249796,9.795515625,0.039238,50.34,,3.300706,0.0043408,2_08,,-25730.87
E339,5/27/2025,4:35:31 AM,50,50,-1.25,-1.248584,10.05098438,0.02228,50.28,,3.300582,0.0043641,2_09,,-25567.37
E340,5/27/2025,4:35:41 AM,50,50,-1.25,-1.251416,10.15528125,0.009221,50.26,,3.299736,0.0043506,2_10,,-25500.62
E341,5/27/2025,4:35:51 AM,50,50,-1.25,-1.250055,10.03770313,0.093631,50.31,,3.300616,0.0043861,3_01,,-25575.87
E342,5/27/2025,4:36:01 AM,50,50,-1.25,-1.249806,10.00567188,0.10187,50.3,,3.300582,0.0043841,3_02,,-25596.37
E343,5/27/2025,4:36:10 AM,50,50,-1.25,-1.248636,9.96640625,0.106376,50.35,,3.300582,0.0044001,3_03,,-25621.5
E344,5/27/2025,4:36:20 AM,50,50,-1.25,-1.249364,9.998828125,0.063385,50.33,,3.300334,0.0043786,3_04,,-25600.75
E345,5/27/2025,4:36:30 AM,50,50,-1.25,-1.248926,10.07617188,0.101907,49.97,,3.300627,0.0043644,3_05,,-25551.25
E346,5/27/2025,4:36:40 AM,50,50,-1.25,-1.249904,10.957625,0.011329,43.19,,3.222183,0.0160883,3_06,,-24987.12
E347,5/27/2025,4:36:50 AM,50,50,-1.25,-1.250576,10.11582813,0.317016,49.96,,3.299555,0.0044142,3_07,,-25525.87
E348,5/27/2025,4:37:00 AM,50,50,-1.25,-1.248295,10.084375,0.001738,49.98,,3.300311,0.0043852,3_08,,-25546
E349,5/27/2025,4:37:10 AM,50,50,-1.25,-1.249451,10.03125,0.052589,50.04,,3.301157,0.0043012,3_09,,-25580
E350,5/27/2025,4:37:20 AM,50,50,-1.25,-1.249643,10.07773438,0.023358,50.08,,3.300051,0.0043932,3_10,,-25550.25
E351,5/27/2025,4:37:30 AM,50,50,-1.25,-1.248526,10.251375,0.038419,50.04,,3.300232,0.0043826,4_01,,-25439.12
E352,5/27/2025,4:37:40 AM,50,50,-1.25,-1.249856,9.9953125,0.023283,50.03,,3.300356,0.0044271,4_02,,-25603
E353,5/27/2025,4:37:50 AM,50,50,-1.25,-1.249465,24.03067188,0.041118,50.08,,3.300672,0.0043711,4_03,,-16620.37
E354,5/27/2025,4:38:00 AM,50,50,-1.25,-1.250516,10.12148438,0.029555,50.45,,3.300966,0.0043432,4_04,,-25522.25
E355,5/27/2025,4:38:10 AM,50,50,-1.25,-1.249712,10.09101563,0.021906,50.04,,3.301248,0.0042993,4_05,,-25541.75
E356,5/27/2025,4:38:20 AM,50,50,-1.25,-1.24886,10.14726563,0.029856,50.04,,3.300582,0.0043942,4_06,,-25505.75
E321,5/27/2025,5:34:14 AM,70,70,-1.25,-1.249574,10.3154375,0.014813,70.83,,3.300255,0.0043765,1_01,,-25398.12
E322,5/27/2025,5:34:24 AM,70,70,-1.25,-1.248613,8.479296875,0.011355,70.72,,3.30004,0.004415,1_02,,-26573.25
E323,5/27/2025,5:34:34 AM,70,70,-1.25,-1.250487,9.939265625,0.009105,70.71,,3.300164,0.0043248,1_03,,-25638.87
E324,5/27/2025,5:34:44 AM,70,70,-1.25,-1.249451,9.942,0.008696,70.68,,3.300808,0.0042975,1_04,,-25637.12
E325,5/27/2025,5:34:54 AM,70,70,-1.25,-1.250106,9.99296875,0.00893,70.65,,3.299984,0.0044209,1_05,,-25604.5
E326,5/27/2025,5:35:04 AM,70,70,-1.25,-1.249807,10.07246875,0.009563,70.67,,3.300255,0.0043637,1_06,,-25553.62
E327,5/27/2025,5:35:14 AM,70,70,-1.25,-1.250387,10.10801563,0.011249,70.7,,3.300311,0.0043469,1_07,,-25530.87
E329,5/27/2025,5:35:34 AM,70,70,-1.25,-1.250342,10.14726563,0.007569,70.71,,3.236075,0.004336,1_09,,-25505.75
E330,5/27/2025,5:35:44 AM,70,70,-1.25,-1.249851,9.98125,0.007218,70.9,,3.300729,0.0042915,1_10,,-25612
E331,5/27/2025,5:35:54 AM,70,70,-1.25,-1.248535,9.81621875,0.00498,70.75,,3.299634,0.0043695,2_01,,-25717.62
E333,5/27/2025,5:36:14 AM,70,70,-1.25,-1.24929,10.2279375,0.006844,70.86,,3.300537,0.0042803,2_03,,-25454.12
E334,5/27/2025,5:36:24 AM,70,70,-1.25,-1.248682,9.848046875,0.010986,70.81,,3.300209,0.0043649,2_04,,-25697.25
E335,5/27/2025,5:36:34 AM,70,70,-1.25,-1.248525,9.735546875,0.01039,70.81,,3.299126,0.0044093,2_05,,-25769.25
E336,5/27/2025,5:36:44 AM,70,70,-1.25,-1.250339,9.9779375,0.006887,70.99,,3.300006,0.0043917,2_06,,-25614.12
E337,5/27/2025,5:36:53 AM,70,70,-1.25,-1.250846,10.526375,0.006283,71,,3.299815,0.0043743,2_07,,-25263.12
E338,5/27/2025,5:37:03 AM,70,70,-1.25,-1.249613,9.0515625,0.020177,71.09,,3.300322,0.0043216,2_08,,-26207
E339,5/27/2025,5:37:13 AM,70,70,-1.25,-1.251493,9.7060625,0.012764,71.06,,3.3003,0.0043452,2_09,,-25788.12
E340,5/27/2025,5:37:23 AM,70,70,-1.25,-1.25001,9.573828125,0.009301,71.03,,3.29916,0.0043327,2_10,,-25872.75
E341,5/27/2025,5:37:33 AM,70,70,-1.25,-1.24926,10.57598438,0.023233,71.03,,3.300311,0.0043713,3_01,,-25231.37
E342,5/27/2025,5:37:43 AM,70,70,-1.25,-1.249046,10.16757813,0.024679,71.06,,3.300401,0.0043658,3_02,,-25492.75
E343,5/27/2025,5:37:53 AM,70,70,-1.25,-1.248685,10.39101563,0.025499,71.07,,3.300334,0.0043841,3_03,,-25349.75
E344,5/27/2025,5:38:03 AM,70,70,-1.25,-1.249052,9.483984375,0.018888,71.01,,3.300492,0.0043581,3_04,,-25930.25
E345,5/27/2025,5:38:13 AM,70,70,-1.25,-1.247139,9.8265625,0.141848,70.55,,3.300424,0.0043377,3_05,,-25711
E346,5/27/2025,5:38:23 AM,70,70,-1.25,-1.25016,10.90625,0.016771,64.11,,3.226505,0.0155996,3_06,,-25020
E347,5/27/2025,5:38:33 AM,70,70,-1.25,-1.248633,10.49785938,0.009573,70.56,,3.299781,0.004397,3_07,,-25281.37
E348,5/27/2025,5:38:43 AM,70,70,-1.25,-1.249378,9.932234375,0.004283,70.58,,3.300503,0.0043696,3_08,,-25643.37
E349,5/27/2025,5:38:53 AM,70,70,-1.25,-1.250239,10.290625,0.045621,70.66,,3.301,0.0042889,3_09,,-25414
E350,5/27/2025,5:39:03 AM,70,70,-1.25,-1.250632,11.301375,0.057195,70.68,,3.300142,0.0043789,3_10,,-24767.12
E351,5/27/2025,5:39:13 AM,70,70,-1.25,-1.248669,10.39434375,0.094968,70.58,,3.299894,0.0043665,4_01,,-25347.62
E352,5/27/2025,5:39:23 AM,70,70,-1.25,-1.249043,10.18085938,0.051558,70.59,,3.300176,0.0044054,4_02,,-25484.25
E353,5/27/2025,5:39:32 AM,70,70,-1.25,-1.250088,28.88067188,0.104343,70.59,,3.300289,0.0043595,4_03,,-13516.37
E354,5/27/2025,5:39:42 AM,70,70,-1.25,-1.248446,10.00723438,0.08017,71.01,,3.300638,0.0043278,4_04,,-25595.37
E355,5/27/2025,5:39:52 AM,70,70,-1.25,-1.249267,9.65684375,0.079484,70.52,,3.300921,0.0042816,4_05,,-25819.62
E356,5/27/2025,5:40:02 AM,70,70,-1.25,-1.250968,10.2685625,0.067072,70.63,,3.300266,0.0043781,4_06,,-25428.12
E321,5/27/2025,5:41:11 AM,70,70,-0.625,-0.62502,30.30859375,0.011996,70.84,,3.29986,0.0044149,1_01,,-12602.5
E322,5/27/2025,5:41:21 AM,70,70,-0.625,-0.623603,28.207625,0.009813,70.74,,3.299487,0.0044638,1_02,,-13947.12
E323,5/27/2025,5:41:31 AM,70,70,-0.625,-0.623844,29.81289063,0.006952,70.73,,3.299781,0.0043635,1_03,,-12919.75
E324,5/27/2025,5:41:41 AM,70,70,-0.625,-0.624757,29.9859375,0.006827,70.73,,3.300345,0.0043362,1_04,,-12809
E325,5/27/2025,5:41:51 AM,70,70,-0.625,-0.624796,29.8234375,0.008628,70.69,,3.299431,0.0044628,1_05,,-12913
E326,5/27/2025,5:42:01 AM,70,70,-0.625,-0.625105,29.965625,0.007453,70.71,,3.299815,0.004405,1_06,,-12822
E327,5/27/2025,5:42:11 AM,70,70,-0.625,-0.624933,30.0640625,0.00904,70.74,,3.299815,0.004385,1_07,,-12759
E329,5/27/2025,5:42:31 AM,70,70,-0.625,-0.624131,29.90059375,0.006028,70.76,,3.236098,0.0043755,1_09,,-12863.62
E330,5/27/2025,5:42:41 AM,70,70,-0.625,-0.625154,29.93028125,0.007113,70.91,,3.300322,0.0043278,1_10,,-12844.62
E331,5/27/2025,5:42:51 AM,70,70,-0.625,-0.624546,29.73692188,0.005611,70.79,,3.299149,0.0044152,2_01,,-12968.37
E333,5/27/2025,5:43:11 AM,70,70,-0.625,-0.625269,30.34121875,0.006126,70.93,,3.300153,0.0043167,2_03,,-12581.62
E334,5/27/2025,5:43:21 AM,70,70,-0.625,-0.624427,29.95703125,0.010288,70.88,,3.299792,0.0044068,2_04,,-12827.5
E335,5/27/2025,5:43:31 AM,70,70,-0.625,-0.625592,29.6685625,0.00965,70.87,,3.298765,0.0044561,2_05,,-13012.12
E336,5/27/2025,5:43:41 AM,70,70,-0.625,-0.625245,29.95625,0.006335,71.05,,3.299634,0.0044318,2_06,,-12828
E337,5/27/2025,5:43:51 AM,70,70,-0.625,-0.625305,30.44825,0.006111,71.09,,3.299307,0.0044116,2_07,,-12513.12
E338,5/27/2025,5:44:01 AM,70,70,-0.625,-0.623795,29.40254688,0.016588,71.17,,3.299916,0.0043657,2_08,,-13182.37
E339,5/27/2025,5:44:11 AM,70,70,-0.625,-0.624672,29.54473438,0.011624,71.16,,3.299882,0.0043876,2_09,,-13091.37
E340,5/27/2025,5:44:21 AM,70,70,-0.625,-0.625064,29.50996875,0.007773,71.11,,3.298833,0.0043755,2_10,,-13113.62
E341,5/27/2025,5:44:31 AM,70,70,-0.625,-0.625353,30.5295,0.018475,71.08,,3.299927,0.0044059,3_01,,-12461.12
E342,5/27/2025,5:44:41 AM,70,70,-0.625,-0.62552,30.12364063,0.019142,71.13,,3.299939,0.0044063,3_02,,-12720.87
E343,5/27/2025,5:44:51 AM,70,70,-0.625,-0.622449,30.39121875,0.019948,71.15,,3.299905,0.0044211,3_03,,-12549.62
E344,5/27/2025,5:45:01 AM,70,70,-0.625,-0.625275,29.50664063,0.015118,71.09,,3.299984,0.0043987,3_04,,-13115.75
E345,5/27/2025,5:45:10 AM,70,70,-0.625,-0.62441,29.97129688,0.134003,70.59,,3.29995,0.0043781,3_05,,-12818.37
E346,5/27/2025,5:45:20 AM,70,70,-0.625,-0.622793,30.82598438,0.016133,64.15,,3.226629,0.015636,3_06,,-12271.37
E347,5/27/2025,5:45:30 AM,70,70,-0.625,-0.623406,30.52676563,0.008403,70.6,,3.299397,0.0044337,3_07,,-12462.87
E348,5/27/2025,5:45:40 AM,70,70,-0.625,-0.623568,29.8765625,0.003544,70.62,,3.30004,0.0044085,3_08,,-12879
E349,5/27/2025,5:45:50 AM,70,70,-0.625,-0.624461,30.11875,0.043702,70.72,,3.300492,0.0043249,3_09,,-12724
E350,5/27/2025,5:46:00 AM,70,70,-0.625,-0.625742,31.08789063,0.056223,70.71,,3.299555,0.0044133,3_10,,-12103.75
E351,5/27/2025,5:46:10 AM,70,70,-0.625,-0.625182,30.39882813,0.093574,70.62,,3.29942,0.0044056,4_01,,-12544.75
E352,5/27/2025,5:46:20 AM,70,70,-0.625,-0.625058,30.51875,0.049507,70.62,,3.299736,0.0044459,4_02,,-12468
E353,5/27/2025,5:46:30 AM,70,70,-0.625,-0.62473,35.77773438,0.103242,70.61,,3.300063,0.0043629,4_03,,-9102.25
E354,5/27/2025,5:46:40 AM,70,70,-0.625,-0.624922,29.8890625,0.078392,71.04,,3.300221,0.0043656,4_04,,-12871
E355,5/27/2025,5:46:50 AM,70,70,-0.625,-0.625128,29.6185625,0.067618,70.55,,3.30039,0.0043247,4_05,,-13044.12
E356,5/27/2025,5:46:59 AM,70,70,-0.625,-0.623778,30.01914063,0.065093,70.66,,3.299882,0.0044164,4_06,,-12787.75
E321,5/27/2025,5:48:06 AM,70,70,0,0.000014,50.44921875,0.010335,70.89,,3.299702,0.0044225,1_01,,287.5
E322,5/27/2025,5:48:16 AM,70,70,0,-0.000056,48.10567188,0.008619,70.77,,3.29942,0.0044775,1_02,,-1212.37
E323,5/27/2025,5:48:26 AM,70,70,0,-0.000747,49.77989063,0.006433,70.74,,3.299589,0.0043718,1_03,,-140.87
E324,5/27/2025,5:48:36 AM,70,70,0,0.001605,49.99082813,0.006349,70.74,,3.300153,0.0043454,1_04,,-5.87
E325,5/27/2025,5:48:46 AM,70,70,0,0.000605,49.87676563,0.006801,70.69,,3.299521,0.0044717,1_05,,-78.87
E326,5/27/2025,5:48:56 AM,70,70,0,0.001239,49.75723438,0.006524,70.72,,3.299713,0.0044131,1_06,,-155.37
E327,5/27/2025,5:49:06 AM,70,70,0,0.00154,49.98926563,0.007338,70.77,,3.299668,0.0043986,1_07,,-6.87
E329,5/27/2025,5:49:26 AM,70,70,0,0.000767,49.984375,0.005761,70.79,,3.236346,0.0043836,1_09,,-10
E330,5/27/2025,5:49:36 AM,70,70,0,0.000824,49.93125,0.005845,70.95,,3.300187,0.0043356,1_10,,-44
E331,5/27/2025,5:49:46 AM,70,70,0,0.000719,49.74804688,0.004394,70.81,,3.2989,0.0044241,2_01,,-161.25
E333,5/27/2025,5:50:06 AM,70,70,0,0.000286,50.41445313,0.006894,70.95,,3.300176,0.0043233,2_03,,265.25
E334,5/27/2025,5:50:16 AM,70,70,0,0.000125,49.97207813,0.009109,70.89,,3.299679,0.0044167,2_04,,-17.87
E335,5/27/2025,5:50:26 AM,70,70,0,-0.000718,49.89160938,0.009359,70.88,,3.298517,0.0044638,2_05,,-69.37
E336,5/27/2025,5:50:36 AM,70,70,0,-0.001281,49.9091875,0.006111,71.08,,3.299611,0.0044421,2_06,,-58.12
E337,5/27/2025,5:50:46 AM,70,70,0,-0.000218,50.36151563,0.005893,71.14,,3.299295,0.0044199,2_07,,231.37
E338,5/27/2025,5:50:55 AM,70,70,0,0.000861,49.52715625,0.01503,71.21,,3.299803,0.0043735,2_08,,-302.62
E339,5/27/2025,5:51:05 AM,70,70,0,-0.000084,49.559375,0.011095,71.19,,3.299815,0.0043953,2_09,,-282
E340,5/27/2025,5:51:15 AM,70,70,0,0.001099,49.38575,0.007372,71.14,,3.298731,0.0043845,2_10,,-393.12
E341,5/27/2025,5:51:25 AM,70,70,0,0.000066,50.308,0.016113,71.13,,3.299894,0.0044139,3_01,,197.12
E342,5/27/2025,5:51:35 AM,70,70,0,0.000479,50.06073438,0.016555,71.17,,3.29986,0.0044171,3_02,,38.87
E343,5/27/2025,5:51:45 AM,70,70,0,-0.000489,50.4671875,0.016637,71.19,,3.299736,0.0044283,3_03,,299
E344,5/27/2025,5:51:55 AM,70,70,0,-0.000303,49.388875,0.013173,71.13,,3.299995,0.0044071,3_04,,-391.12
E345,5/27/2025,5:52:05 AM,70,70,0,0.001259,49.92520313,0.127093,70.6,,3.300085,0.0043847,3_05,,-47.87
E346,5/27/2025,5:52:15 AM,70,70,0,0.002261,50.6876875,0.014757,64.17,,3.226234,0.0156448,3_06,,440.12
E347,5/27/2025,5:52:25 AM,70,70,0,0.00169,50.36346875,0.007268,70.62,,3.299329,0.0044413,3_07,,232.62
E348,5/27/2025,5:52:35 AM,70,70,0,0.000039,49.73007813,0.004142,70.64,,3.299939,0.0044174,3_08,,-172.75
E349,5/27/2025,5:52:45 AM,70,70,0,0.00044,50.0439375,0.042516,70.73,,3.300458,0.0043341,3_09,,28.12
E350,5/27/2025,5:52:55 AM,70,70,0,0.001385,50.88925,0.054729,70.73,,3.299589,0.004421,3_10,,569.12
E351,5/27/2025,5:53:05 AM,70,70,0,0.001147,50.38984375,0.092238,70.65,,3.29942,0.0044144,4_01,,249.5
E352,5/27/2025,5:53:15 AM,70,70,0,0.000279,50.53417188,0.048649,70.65,,3.299623,0.0044554,4_02,,341.87
E353,5/27/2025,5:53:25 AM,70,70,0,0.000263,48.34101563,0.10205,70.62,,3.30004,0.0043725,4_03,,-1061.75
E354,5/27/2025,5:53:34 AM,70,70,0,-0.000106,49.72285938,0.076788,71.07,,3.300153,0.0043752,4_04,,-177.37
E355,5/27/2025,5:53:44 AM,70,70,0,-0.000187,49.68242188,0.066487,70.59,,3.300469,0.0043315,4_05,,-203.25
E356,5/27/2025,5:53:54 AM,70,70,0,0.000181,49.90507813,0.064313,70.69,,3.299657,0.0044246,4_06,,-60.75
E321,5/27/2025,5:55:01 AM,70,70,0.625,0.625127,70.42010938,0.009432,70.9,,3.299871,0.0044184,1_01,,13068.87
E322,5/27/2025,5:55:11 AM,70,70,0.625,0.625485,68.03729688,0.007068,70.78,,3.299544,0.0044635,1_02,,11543.87
E323,5/27/2025,5:55:21 AM,70,70,0.625,0.624524,69.79120313,0.006129,70.77,,3.299803,0.0043646,1_03,,12666.37
E324,5/27/2025,5:55:31 AM,70,70,0.625,0.626653,69.77226563,0.00593,70.76,,3.300334,0.0043397,1_04,,12654.25
E325,5/27/2025,5:55:41 AM,70,70,0.625,0.626033,69.79628125,0.006547,70.71,,3.299544,0.0044664,1_05,,12669.62
E326,5/27/2025,5:55:51 AM,70,70,0.625,0.625676,69.94414063,0.006253,70.75,,3.299848,0.0044067,1_06,,12764.25
E327,5/27/2025,5:56:01 AM,70,70,0.625,0.624632,70.13026563,0.006752,70.79,,3.299815,0.0043942,1_07,,12883.37
E329,5/27/2025,5:56:21 AM,70,70,0.625,0.628292,69.98085938,0.005588,70.8,,3.236357,0.0043779,1_09,,12787.75
E330,5/27/2025,5:56:31 AM,70,70,0.625,0.625759,69.84257813,0.005467,70.96,,3.300322,0.0043292,1_10,,12699.25
E331,5/27/2025,5:56:41 AM,70,70,0.625,0.624914,69.86620313,0.00443,70.82,,3.29907,0.0044173,2_01,,12714.37
E333,5/27/2025,5:57:01 AM,70,70,0.625,0.624251,70.12870313,0.005845,70.97,,3.300209,0.0043211,2_03,,12882.37
E334,5/27/2025,5:57:11 AM,70,70,0.625,0.624434,70.20117188,0.008226,70.92,,3.29969,0.0044142,2_04,,12928.75
E335,5/27/2025,5:57:21 AM,70,70,0.625,0.625196,69.778125,0.00784,70.92,,3.298675,0.004458,2_05,,12658
E336,5/27/2025,5:57:31 AM,70,70,0.625,0.624612,69.81484375,0.006196,71.11,,3.299532,0.0044363,2_06,,12681.5
E337,5/27/2025,5:57:41 AM,70,70,0.625,0.626099,70.19570313,0.005756,71.17,,3.299363,0.0044167,2_07,,12925.25
E338,5/27/2025,5:57:51 AM,70,70,0.625,0.624946,69.52870313,0.013815,71.21,,3.299972,0.0043685,2_08,,12498.37
E339,5/27/2025,5:58:01 AM,70,70,0.625,0.624273,69.57890625,0.010609,71.21,,3.299894,0.0043883,2_09,,12530.5
E340,5/27/2025,5:58:10 AM,70,70,0.625,0.626378,69.64414063,0.007062,71.17,,3.298855,0.0043755,2_10,,12572.25
E341,5/27/2025,5:58:20 AM,70,70,0.625,0.62515,70.37635938,0.014132,71.16,,3.30004,0.0044105,3_01,,13040.87
E342,5/27/2025,5:58:30 AM,70,70,0.625,0.628051,70.178125,0.01457,71.21,,3.299972,0.0044117,3_02,,12914
E343,5/27/2025,5:58:40 AM,70,70,0.625,0.627459,70.31132813,0.014579,71.2,,3.29986,0.0044272,3_03,,12999.25
E344,5/27/2025,5:58:50 AM,70,70,0.625,0.624473,69.35175,0.012298,71.16,,3.30004,0.004396,3_04,,12385.12
E345,5/27/2025,5:59:00 AM,70,70,0.625,0.626357,69.99023438,0.120777,70.6,,3.300097,0.0043784,3_05,,12793.75
E346,5/27/2025,5:59:10 AM,70,70,0.625,0.625943,70.74101563,0.014453,64.2,,3.226516,0.0156451,3_06,,13274.25
E347,5/27/2025,5:59:20 AM,70,70,0.625,0.625711,70.1095625,0.006962,70.61,,3.299341,0.0044357,3_07,,12870.12
E348,5/27/2025,5:59:30 AM,70,70,0.625,0.625843,69.87401563,0.003543,70.63,,3.300029,0.0044102,3_08,,12719.37
E349,5/27/2025,5:59:40 AM,70,70,0.625,0.624878,69.978125,0.041488,70.71,,3.30048,0.0043283,3_09,,12786
E350,5/27/2025,5:59:50 AM,70,70,0.625,0.625557,70.65839063,0.053273,70.75,,3.299611,0.0044188,3_10,,13221.37
E351,5/27/2025,6:00:00 AM,70,70,0.625,0.625906,70.25526563,0.091804,70.65,,3.299442,0.0044122,4_01,,12963.37
E352,5/27/2025,6:00:10 AM,70,70,0.625,0.625652,70.58632813,0.047333,70.65,,3.299657,0.0044541,4_02,,13175.25
E353,5/27/2025,6:00:20 AM,70,70,0.625,0.626478,66.5453125,0.101093,70.63,,3.300176,0.004363,4_03,,10589
E354,5/27/2025,6:00:29 AM,70,70,0.625,0.625572,69.85703125,0.075255,71.08,,3.300176,0.0043687,4_04,,12708.5
E355,5/27/2025,6:00:39 AM,70,70,0.625,0.625064,69.86679688,0.065427,70.59,,3.300447,0.0043241,4_05,,12714.75
E356,5/27/2025,6:00:49 AM,70,70,0.625,0.625075,69.95507813,0.064118,70.69,,3.29986,0.0044181,4_06,,12771.25
E321,5/27/2025,6:01:57 AM,70,70,1.25,1.250508,90.31854688,0.009514,70.9,,3.300029,0.0043987,1_01,,25803.87
E322,5/27/2025,6:02:07 AM,70,70,1.25,1.250965,87.94120313,0.007345,70.79,,3.299657,0.0044482,1_02,,24282.37
E323,5/27/2025,6:02:17 AM,70,70,1.25,1.251627,89.70898438,0.005792,70.77,,3.299927,0.0043476,1_03,,25413.75
E324,5/27/2025,6:02:27 AM,70,70,1.25,1.251281,89.47479688,0.005248,70.77,,3.300548,0.0043238,1_04,,25263.87
E325,5/27/2025,6:02:37 AM,70,70,1.25,1.250272,89.82596875,0.006365,70.72,,3.299747,0.004449,1_05,,25488.62
E326,5/27/2025,6:02:47 AM,70,70,1.25,1.25142,89.93710938,0.006147,70.76,,3.299871,0.0043886,1_06,,25559.75
E327,5/27/2025,6:02:57 AM,70,70,1.25,1.252246,90.09823438,0.006554,70.8,,3.299927,0.0043798,1_07,,25662.87
E329,5/27/2025,6:03:17 AM,70,70,1.25,1.250541,90.05057813,0.004917,70.81,,3.237136,0.0043617,1_09,,25632.37
E330,5/27/2025,6:03:27 AM,70,70,1.25,1.2504,89.58789063,0.006009,70.98,,3.300548,0.0043118,1_10,,25336.25
E331,5/27/2025,6:03:37 AM,70,70,1.25,1.250016,90.04510938,0.004446,70.82,,3.29942,0.0044003,2_01,,25628.87
E333,5/27/2025,6:03:57 AM,70,70,1.25,1.249341,89.9296875,0.006124,70.98,,3.300413,0.0043045,2_03,,25555
E334,5/27/2025,6:04:07 AM,70,70,1.25,1.248476,90.21659375,0.007348,70.92,,3.299961,0.0043985,2_04,,25738.62
E335,5/27/2025,6:04:17 AM,70,70,1.25,1.249904,89.81346875,0.007183,70.92,,3.299013,0.0044421,2_05,,25480.62
E336,5/27/2025,6:04:27 AM,70,70,1.25,1.250918,89.52265625,0.005895,71.11,,3.299871,0.0044194,2_06,,25294.5
E337,5/27/2025,6:04:37 AM,70,70,1.25,1.248871,89.94979688,0.005416,71.17,,3.299611,0.0043994,2_07,,25567.87
E338,5/27/2025,6:04:47 AM,70,70,1.25,1.251325,89.27382813,0.012484,71.25,,3.300074,0.0043534,2_08,,25135.25
E339,5/27/2025,6:04:57 AM,70,70,1.25,1.250219,89.66875,0.009217,71.2,,3.300074,0.0043722,2_09,,25388
E340,5/27/2025,6:05:07 AM,70,70,1.25,1.249295,89.8609375,0.006727,71.18,,3.299104,0.0043559,2_10,,25511
E341,5/27/2025,6:05:17 AM,70,70,1.25,1.250679,90.40664063,0.013268,71.16,,3.300221,0.004391,3_01,,25860.25
E342,5/27/2025,6:05:27 AM,70,70,1.25,1.250508,90.13828125,0.013069,71.23,,3.300164,0.0043974,3_02,,25688.5
E343,5/27/2025,6:05:36 AM,70,70,1.25,1.250868,90.07909375,0.012978,71.23,,3.300142,0.0044092,3_03,,25650.62
E344,5/27/2025,6:05:46 AM,70,70,1.25,1.249689,89.48945313,0.010981,71.17,,3.300289,0.0043812,3_04,,25273.25
E345,5/27/2025,6:05:56 AM,70,70,1.25,1.249684,89.83828125,0.115001,70.6,,3.300424,0.0043614,3_05,,25496.5
E346,5/27/2025,6:06:06 AM,70,70,1.25,1.253399,90.6220625,0.013847,64.19,,3.226855,0.0156266,3_06,,25998.12
E347,5/27/2025,6:06:16 AM,70,70,1.25,1.250784,89.9,0.00775,70.63,,3.2996,0.0044175,3_07,,25536
E348,5/27/2025,6:06:26 AM,70,70,1.25,1.248951,89.698625,0.00333,70.64,,3.3003,0.004392,3_08,,25407.12
E349,5/27/2025,6:06:36 AM,70,70,1.25,1.250663,90.1390625,0.039943,70.76,,3.300729,0.0043124,3_09,,25689
E350,5/27/2025,6:06:46 AM,70,70,1.25,1.25184,90.56445313,0.051774,70.78,,3.299894,0.0043998,3_10,,25961.25
E351,5/27/2025,6:06:56 AM,70,70,1.25,1.250567,90.02948438,0.090834,70.66,,3.299634,0.0043965,4_01,,25618.87
E352,5/27/2025,6:07:06 AM,70,70,1.25,1.252273,89.9953125,0.04692,70.66,,3.299916,0.004437,4_02,,25597
E353,5/27/2025,6:07:16 AM,70,70,1.25,1.250305,90.91815625,0.099944,70.64,,3.3003,0.0043416,4_03,,26187.62
E354,5/27/2025,6:07:26 AM,70,70,1.25,1.250387,90.07226563,0.074001,71.09,,3.300379,0.004352,4_04,,25646.25
E355,5/27/2025,6:07:35 AM,70,70,1.25,1.251425,89.99648438,0.063705,70.6,,3.300661,0.0043066,4_05,,25597.75
E356,5/27/2025,6:07:45 AM,70,70,1.25,1.250376,89.73885938,0.049792,70.69,,3.300018,0.004401,4_06,,25432.87
E321,5/27/2025,6:08:50 AM,70,70,0,0.000437,50.4533125,0.008045,70.92,,3.299668,0.0044225,1_01,,290.12
E322,5/27/2025,6:09:00 AM,70,70,0,0.000574,48.07539063,0.006034,70.82,,3.29951,0.0044772,1_02,,-1231.75
E323,5/27/2025,6:09:10 AM,70,70,0,0.000703,49.725,0.004789,70.79,,3.299611,0.0043715,1_03,,-176
E324,5/27/2025,6:09:20 AM,70,70,0,0.000614,50.01073438,0.005401,70.79,,3.300277,0.0043462,1_04,,6.87
E325,5/27/2025,6:09:30 AM,70,70,0,0.000156,49.86114063,0.005994,70.74,,3.299521,0.0044716,1_05,,-88.87
E326,5/27/2025,6:09:40 AM,70,70,0,0.00059,49.77109375,0.006298,70.79,,3.299634,0.0044134,1_06,,-146.5
E327,5/27/2025,6:09:50 AM,70,70,0,0.000446,49.97304688,0.005569,70.81,,3.299815,0.0043987,1_07,,-17.25
E329,5/27/2025,6:10:10 AM,70,70,0,0.002104,49.84942188,0.004783,70.85,,3.238355,0.0043854,1_09,,-96.37
E330,5/27/2025,6:10:20 AM,70,70,0,0.001601,49.98789063,0.005062,71,,3.300164,0.0043361,1_10,,-7.75
E331,5/27/2025,6:10:30 AM,70,70,0,0.001027,49.68242188,0.005386,70.86,,3.299036,0.0044242,2_01,,-203.25
E333,5/27/2025,6:10:50 AM,70,70,0,0.000036,50.39648438,0.005867,71,,3.300187,0.0043233,2_03,,253.75
E334,5/27/2025,6:11:00 AM,70,70,0,0.001252,49.93965625,0.007492,70.95,,3.299769,0.0044175,2_04,,-38.62
E335,5/27/2025,6:11:10 AM,70,70,0,0.00078,49.68359375,0.006736,70.93,,3.298697,0.0044648,2_05,,-202.5
E336,5/27/2025,6:11:20 AM,70,70,0,0.000626,49.79864063,0.005222,71.13,,3.299668,0.0044432,2_06,,-128.87
E337,5/27/2025,6:11:30 AM,70,70,0,-0.000531,50.31190625,0.005732,71.2,,3.299374,0.0044209,2_07,,199.62
E338,5/27/2025,6:11:40 AM,70,70,0,0.00036,49.445125,0.01161,71.26,,3.299916,0.0043743,2_08,,-355.12
E339,5/27/2025,6:11:50 AM,70,70,0,0.00031,49.48340625,0.008869,71.25,,3.299837,0.0043952,2_09,,-330.62
E340,5/27/2025,6:12:00 AM,70,70,0,0.001153,49.28145313,0.007228,71.21,,3.298697,0.0043846,2_10,,-459.87
E341,5/27/2025,6:12:10 AM,70,70,0,0.000723,50.484375,0.010775,71.19,,3.299916,0.0044133,3_01,,310
E342,5/27/2025,6:12:20 AM,70,70,0,0.00044,50.05546875,0.011798,71.26,,3.299882,0.0044175,3_02,,35.5
E343,5/27/2025,6:12:30 AM,70,70,0,-0.000953,50.42909375,0.011029,71.24,,3.299724,0.0044281,3_03,,274.62
E344,5/27/2025,6:12:40 AM,70,70,0,0.000492,49.30546875,0.009347,71.19,,3.299961,0.0044073,3_04,,-444.5
E345,5/27/2025,6:12:50 AM,70,70,0,0.00008,49.86757813,0.109026,70.65,,3.30013,0.004385,3_05,,-84.75
E346,5/27/2025,6:12:59 AM,70,70,0,0.000378,50.61601563,0.013376,64.22,,3.226539,0.0156438,3_06,,394.25
E347,5/27/2025,6:13:09 AM,70,70,0,0.000127,50.4314375,0.006502,70.65,,3.299205,0.0044406,3_07,,276.12
E348,5/27/2025,6:13:19 AM,70,70,0,-0.000846,49.72109375,0.00415,70.65,,3.299848,0.004416,3_08,,-178.5
E349,5/27/2025,6:13:29 AM,70,70,0,0.000117,50.13690625,0.03868,70.76,,3.300413,0.0043335,3_09,,87.62
E350,5/27/2025,6:13:39 AM,70,70,0,0.000214,50.82421875,0.050362,70.77,,3.299431,0.0044212,3_10,,527.5
E351,5/27/2025,6:13:49 AM,70,70,0,0.000777,50.29471875,0.090058,70.66,,3.299137,0.0044144,4_01,,188.62
E352,5/27/2025,6:13:59 AM,70,70,0,0.000987,50.64335938,0.044789,70.67,,3.299668,0.0044552,4_02,,411.75
E353,5/27/2025,6:14:09 AM,70,70,0,0.000558,48.20528125,0.098469,70.66,,3.299894,0.0043735,4_03,,-1148.62
E354,5/27/2025,6:14:19 AM,70,70,0,0.000359,49.84903125,0.061958,71.08,,3.300153,0.0043752,4_04,,-96.62
E355,5/27/2025,6:14:29 AM,70,70,0,0.000172,49.61328125,0.062671,70.62,,3.300266,0.0043323,4_05,,-247.5
E356,5/27/2025,6:14:39 AM,70,70,0,0.000533,49.91523438,0.049092,70.71,,3.299747,0.0044243,4_06,,-54.25
E321,5/27/2025,6:15:43 AM,70,70,-1.25,-1.249487,10.20195313,0.007786,70.9,,3.300119,0.0043766,1_01,,-25470.75
E322,5/27/2025,6:15:53 AM,70,70,-1.25,-1.249361,8.4091875,0.006275,70.78,,3.300063,0.0044145,1_02,,-26618.12
E323,5/27/2025,6:16:03 AM,70,70,-1.25,-1.249401,9.89375,0.005296,70.78,,3.30013,0.0043252,1_03,,-25668
E324,5/27/2025,6:16:13 AM,70,70,-1.25,-1.249757,9.963875,0.005023,70.77,,3.30048,0.0042981,1_04,,-25623.12
E325,5/27/2025,6:16:23 AM,70,70,-1.25,-1.249781,10.13770313,0.005382,70.7,,3.299916,0.0044197,1_05,,-25511.87
E326,5/27/2025,6:16:33 AM,70,70,-1.25,-1.24863,10.08984375,0.004894,70.75,,3.29995,0.004364,1_06,,-25542.5
E327,5/27/2025,6:16:43 AM,70,70,-1.25,-1.249343,10.00528125,0.005684,70.77,,3.299916,0.0043454,1_07,,-25596.62
E329,5/27/2025,6:17:03 AM,70,70,-1.25,-1.249972,9.95684375,0.005084,70.81,,3.23471,0.0043343,1_09,,-25627.62
E330,5/27/2025,6:17:13 AM,70,70,-1.25,-1.248858,9.89590625,0.005268,70.99,,3.300492,0.0042908,1_10,,-25666.62
E331,5/27/2025,6:17:23 AM,70,70,-1.25,-1.249307,9.69140625,0.004529,70.82,,3.299487,0.0043688,2_01,,-25797.5
E333,5/27/2025,6:17:43 AM,70,70,-1.25,-1.248551,10.16582813,0.005202,70.98,,3.30048,0.0042798,2_03,,-25493.87
E334,5/27/2025,6:17:53 AM,70,70,-1.25,-1.249052,9.7060625,0.006586,70.92,,3.300051,0.0043644,2_04,,-25788.12
E335,5/27/2025,6:18:03 AM,70,70,-1.25,-1.24706,9.60078125,0.007407,70.91,,3.298878,0.0044097,2_05,,-25855.5
E336,5/27/2025,6:18:13 AM,70,70,-1.25,-1.249506,10.04707813,0.005373,71.1,,3.299736,0.0043919,2_06,,-25569.87
E337,5/27/2025,6:18:23 AM,70,70,-1.25,-1.249848,10.50078125,0.004659,71.17,,3.299465,0.0043741,2_07,,-25279.5
E338,5/27/2025,6:18:32 AM,70,70,-1.25,-1.249348,8.967390625,0.010952,71.23,,3.299871,0.0043202,2_08,,-26260.87
E339,5/27/2025,6:18:42 AM,70,70,-1.25,-1.24982,9.63984375,0.007408,71.22,,3.300029,0.0043467,2_09,,-25830.5
E340,5/27/2025,6:18:52 AM,70,70,-1.25,-1.250416,9.61934375,0.006803,71.18,,3.298878,0.0043317,2_10,,-25843.62
E341,5/27/2025,6:19:02 AM,70,70,-1.25,-1.249727,10.53848438,0.009138,71.19,,3.299916,0.004371,3_01,,-25255.37
E342,5/27/2025,6:19:12 AM,70,70,-1.25,-1.250303,10.08125,0.009718,71.23,,3.300142,0.0043669,3_02,,-25548
E343,5/27/2025,6:19:22 AM,70,70,-1.25,-1.248645,10.36153125,0.00934,71.22,,3.300108,0.0043829,3_03,,-25368.62
E344,5/27/2025,6:19:32 AM,70,70,-1.25,-1.2483,9.2125,0.007806,71.16,,3.299724,0.0043568,3_04,,-26104
E345,5/27/2025,6:19:42 AM,70,70,-1.25,-1.248862,9.770703125,0.104247,70.62,,3.299521,0.0043384,3_05,,-25746.75
E346,5/27/2025,6:19:52 AM,70,70,-1.25,-1.248682,10.84903125,0.012535,64.19,,3.223379,0.0155974,3_06,,-25056.62
E347,5/27/2025,6:20:02 AM,70,70,-1.25,-1.246818,10.4546875,0.006182,70.6,,3.299465,0.0043966,3_07,,-25309
E348,5/27/2025,6:20:12 AM,70,70,-1.25,-1.250278,9.832421875,0.003431,70.62,,3.300063,0.0043692,3_08,,-25707.25
E349,5/27/2025,6:20:22 AM,70,70,-1.25,-1.250046,10.26875,0.038205,70.73,,3.30048,0.0042885,3_09,,-25428
E350,5/27/2025,6:20:32 AM,70,70,-1.25,-1.250062,11.113875,0.049588,70.77,,3.299453,0.0043786,3_10,,-24887.12
E351,5/27/2025,6:20:42 AM,70,70,-1.25,-1.25093,10.44257813,0.08862,70.64,,3.298799,0.0043661,4_01,,-25316.75
E352,5/27/2025,6:20:52 AM,70,70,-1.25,-1.249775,10.08340625,0.044508,70.65,,3.299657,0.0044056,4_02,,-25546.62
E353,5/27/2025,6:21:02 AM,70,70,-1.25,-1.249821,28.90625,0.097439,70.66,,3.299826,0.0043597,4_03,,-13500
E354,5/27/2025,6:21:12 AM,70,70,-1.25,-1.249565,10.02578125,0.06025,71.07,,3.299645,0.0043275,4_04,,-25583.5
E355,5/27/2025,6:21:21 AM,70,70,-1.25,-1.249962,9.632234375,0.061551,70.6,,3.300289,0.004282,4_05,,-25835.37
E356,5/27/2025,6:21:31 AM,70,70,-1.25,-1.249558,10.12403125,0.047817,70.69,,3.299713,0.0043773,4_06,,-25520.62
E321,5/27/2025,7:16:59 AM,85,85,-1.25,-1.250867,10.346875,0.014885,86.26,,3.300187,0.0043666,1_01,,-25378
E322,5/27/2025,7:17:09 AM,85,85,-1.25,-1.250387,-1.11425,0.009792,85.89,,3.303019,0.0039035,1_02,,-32713.12
E323,5/27/2025,7:17:19 AM,85,85,-1.25,-1.249886,9.1654375,0.007526,86.13,,3.300074,0.0043101,1_03,,-26134.12
E324,5/27/2025,7:17:29 AM,85,85,-1.25,-1.249741,9.901375,0.008113,86.12,,3.300796,0.0042864,1_04,,-25663.12
E325,5/27/2025,7:17:39 AM,85,85,-1.25,-1.249949,9.66640625,0.008144,86.04,,3.299747,0.004408,1_05,,-25813.5
E326,5/27/2025,7:17:49 AM,85,85,-1.25,-1.25003,9.93984375,0.008609,86.09,,3.299894,0.0043505,1_06,,-25638.5
E327,5/27/2025,7:17:59 AM,85,85,-1.25,-1.249294,10.40176563,0.008201,86.14,,3.300458,0.0043342,1_07,,-25342.87
E329,5/27/2025,7:18:19 AM,85,85,-1.25,-1.248893,10.1591875,0.007969,86.23,,3.264131,0.0043253,1_09,,-25498.12
E330,5/27/2025,7:18:29 AM,85,85,-1.25,-1.24899,9.86075,0.008024,86.4,,3.300209,0.0042799,1_10,,-25689.12
E331,5/27/2025,7:18:39 AM,85,85,-1.25,-1.250247,9.693171875,0.009461,86.24,,3.299329,0.0043587,2_01,,-25796.37
E333,5/27/2025,7:18:59 AM,85,85,-1.25,-1.248796,10.39629688,0.010054,86.35,,3.300503,0.0042713,2_03,,-25346.37
E334,5/27/2025,7:19:09 AM,85,85,-1.25,-1.249977,9.783015625,0.010514,86.32,,3.300018,0.0043498,2_04,,-25738.87
E335,5/27/2025,7:19:18 AM,85,85,-1.25,-1.250667,9.41484375,0.011501,86.27,,3.299126,0.0043959,2_05,,-25974.5
E336,5/27/2025,7:19:28 AM,85,85,-1.25,-1.25082,9.967578125,0.01001,86.51,,3.29969,0.0043788,2_06,,-25620.75
E337,5/27/2025,7:19:38 AM,85,85,-1.25,-1.249414,10.70957813,0.010747,86.6,,3.299724,0.0043616,2_07,,-25145.87
E338,5/27/2025,7:19:48 AM,85,85,-1.25,-1.249892,8.413875,0.011715,86.69,,3.300582,0.0043067,2_08,,-26615.12
E339,5/27/2025,7:19:58 AM,85,85,-1.25,-1.248813,9.429890625,0.011444,86.7,,3.300119,0.0043313,2_09,,-25964.87
E340,5/27/2025,7:20:08 AM,85,85,-1.25,-1.250031,9.290046875,0.011074,86.6,,3.29942,0.0043213,2_10,,-26054.37
E341,5/27/2025,7:20:18 AM,85,85,-1.25,-1.250204,11.07421875,0.009845,86.59,,3.300379,0.004358,3_01,,-24912.5
E342,5/27/2025,7:20:28 AM,85,85,-1.25,-1.249861,10.2716875,0.010104,86.66,,3.300672,0.0043546,3_02,,-25426.12
E343,5/27/2025,7:20:38 AM,85,85,-1.25,-1.249201,10.99453125,0.009279,86.66,,3.300368,0.0043713,3_03,,-24963.5
E344,5/27/2025,7:20:48 AM,85,85,-1.25,-1.249286,9.400390625,0.010863,86.62,,3.300729,0.0043463,3_04,,-25983.75
E345,5/27/2025,7:20:58 AM,85,85,-1.25,-1.246806,9.756640625,0.108174,85.95,,3.300966,0.0043219,3_05,,-25755.75
E346,5/27/2025,7:21:08 AM,85,85,-1.25,-1.249493,11.017,0.017286,79.75,,3.22883,0.0152538,3_06,,-24949.12
E347,5/27/2025,7:21:18 AM,85,85,-1.25,-1.250563,10.7671875,0.01173,85.95,,3.299972,0.0043838,3_07,,-25109
E348,5/27/2025,7:21:28 AM,85,85,-1.25,-1.249353,9.8578125,0.00666,85.99,,3.300683,0.0043559,3_08,,-25691
E349,5/27/2025,7:21:38 AM,85,85,-1.25,-1.249776,10.34864063,0.044356,86.09,,3.301022,0.0042789,3_09,,-25376.87
E350,5/27/2025,7:21:47 AM,85,85,-1.25,-1.249096,12.0185625,0.079132,86.1,,3.300345,0.0043656,3_10,,-24308.12
E351,5/27/2025,7:21:57 AM,85,85,-1.25,-1.249023,10.71270313,0.143524,85.98,,3.29995,0.0043563,4_01,,-25143.87
E352,5/27/2025,7:22:07 AM,85,85,-1.25,-1.25011,10.3640625,0.052936,85.98,,3.300063,0.0043928,4_02,,-25367
E353,5/27/2025,7:22:17 AM,85,85,-1.25,-1.251035,29.94317188,0.155273,85.92,,3.30039,0.0043442,4_03,,-12836.37
E354,5/27/2025,7:22:27 AM,85,85,-1.25,-1.251612,9.965234375,0.095973,86.43,,3.30074,0.004316,4_04,,-25622.25
E355,5/27/2025,7:22:37 AM,85,85,-1.25,-1.249807,9.400203125,0.122088,85.85,,3.301033,0.0042722,4_05,,-25983.87
E356,5/27/2025,7:22:47 AM,85,85,-1.25,-1.249228,10.04239063,0.075611,86.05,,3.300243,0.0043667,4_06,,-25572.87
E321,5/27/2025,7:23:58 AM,85,85,-0.625,-0.625504,30.50546875,0.014772,86.33,,3.299916,0.0044023,1_01,,-12476.5
E322,5/27/2025,7:24:08 AM,85,85,-0.625,-0.623327,18.77559375,0.00968,86.21,,3.29969,0.0044389,1_02,,-19983.62
E323,5/27/2025,7:24:18 AM,85,85,-0.625,-0.624579,28.97148438,0.007631,86.18,,3.299442,0.0043547,1_03,,-13458.25
E324,5/27/2025,7:24:28 AM,85,85,-0.625,-0.625205,30.00664063,0.007524,86.18,,3.300447,0.0043263,1_04,,-12795.75
E325,5/27/2025,7:24:38 AM,85,85,-0.625,-0.623733,29.47989063,0.008584,86.12,,3.299702,0.0044552,1_05,,-13132.87
E326,5/27/2025,7:24:48 AM,85,85,-0.625,-0.624872,29.621875,0.008671,86.14,,3.299521,0.0043944,1_06,,-13042
E327,5/27/2025,7:24:58 AM,85,85,-0.625,-0.624711,30.28671875,0.008097,86.2,,3.299645,0.0043746,1_07,,-12616.5
E329,5/27/2025,7:25:18 AM,85,85,-0.625,-0.623798,29.88710938,0.008085,86.32,,3.263183,0.0043651,1_09,,-12872.25
E330,5/27/2025,7:25:28 AM,85,85,-0.625,-0.623433,29.8841875,0.007778,86.48,,3.300514,0.0043171,1_10,,-12874.12
E331,5/27/2025,7:25:38 AM,85,85,-0.625,-0.625475,29.58789063,0.009836,86.29,,3.299295,0.0044056,2_01,,-13063.75
E333,5/27/2025,7:25:58 AM,85,85,-0.625,-0.624183,30.48007813,0.009724,86.41,,3.300187,0.0043073,2_03,,-12492.75
E334,5/27/2025,7:26:08 AM,85,85,-0.625,-0.625451,29.85742188,0.01078,86.41,,3.299623,0.0043935,2_04,,-12891.25
E335,5/27/2025,7:26:18 AM,85,85,-0.625,-0.62422,29.34023438,0.011231,86.33,,3.29872,0.0044432,2_05,,-13222.25
E336,5/27/2025,7:26:28 AM,85,85,-0.625,-0.625636,29.90546875,0.009917,86.57,,3.299431,0.0044187,2_06,,-12860.5
E337,5/27/2025,7:26:38 AM,85,85,-0.625,-0.625127,30.55332813,0.010533,86.69,,3.299668,0.0043988,2_07,,-12445.87
E338,5/27/2025,7:26:48 AM,85,85,-0.625,-0.624365,28.75742188,0.011702,86.76,,3.300142,0.0043579,2_08,,-13595.25
E339,5/27/2025,7:26:58 AM,85,85,-0.625,-0.624779,29.22403125,0.011418,86.79,,3.300153,0.0043775,2_09,,-13296.62
E340,5/27/2025,7:27:08 AM,85,85,-0.625,-0.624752,29.10195313,0.010886,86.7,,3.298686,0.0043661,2_10,,-13374.75
E341,5/27/2025,7:27:18 AM,85,85,-0.625,-0.625922,30.93046875,0.009589,86.69,,3.3003,0.0043942,3_01,,-12204.5
E342,5/27/2025,7:27:28 AM,85,85,-0.625,-0.624563,30.18028125,0.009971,86.77,,3.300085,0.0043944,3_02,,-12684.62
E343,5/27/2025,7:27:38 AM,85,85,-0.625,-0.624576,31.12207813,0.009147,86.74,,3.299736,0.0044088,3_03,,-12081.87
E344,5/27/2025,7:27:47 AM,85,85,-0.625,-0.625568,29.42617188,0.01021,86.7,,3.300368,0.0043883,3_04,,-13167.25
E345,5/27/2025,7:27:57 AM,85,85,-0.625,-0.6259,29.88984375,0.102412,86.02,,3.300277,0.0043643,3_05,,-12870.5
E346,5/27/2025,7:28:07 AM,85,85,-0.625,-0.625198,30.851375,0.016956,79.81,,3.22857,0.0152909,3_06,,-12255.12
E347,5/27/2025,7:28:17 AM,85,85,-0.625,-0.624613,30.80898438,0.011292,86,,3.299668,0.0044216,3_07,,-12282.25
E348,5/27/2025,7:28:27 AM,85,85,-0.625,-0.624605,29.88007813,0.007221,86.03,,3.300142,0.0043968,3_08,,-12876.75
E349,5/27/2025,7:28:37 AM,85,85,-0.625,-0.623107,30.1703125,0.043785,86.14,,3.300808,0.0043157,3_09,,-12691
E350,5/27/2025,7:28:47 AM,85,85,-0.625,-0.624466,31.80645313,0.077816,86.16,,3.299713,0.0043994,3_10,,-11643.87
E351,5/27/2025,7:28:57 AM,85,85,-0.625,-0.624498,30.80234375,0.143077,85.99,,3.299284,0.0043949,4_01,,-12286.5
E352,5/27/2025,7:29:07 AM,85,85,-0.625,-0.624002,30.65528125,0.051685,86.01,,3.300006,0.0044313,4_02,,-12380.62
E353,5/27/2025,7:29:17 AM,85,85,-0.625,-0.623822,34.69473438,0.154483,85.95,,3.300085,0.0043498,4_03,,-9795.37
E354,5/27/2025,7:29:27 AM,85,85,-0.625,-0.624249,29.74726563,0.093599,86.48,,3.300142,0.0043572,4_04,,-12961.75
E355,5/27/2025,7:29:36 AM,85,85,-0.625,-0.625267,29.342,0.119999,85.91,,3.300435,0.0043151,4_05,,-13221.12
E356,5/27/2025,7:29:46 AM,85,85,-0.625,-0.623829,29.9375,0.074276,86.1,,3.300119,0.004406,4_06,,-12840
E321,5/27/2025,7:30:55 AM,85,85,0,0.000523,50.51854688,0.014888,86.34,,3.299916,0.0044104,1_01,,331.87
E322,5/27/2025,7:31:05 AM,85,85,0,0.00009,38.49942188,0.009859,86.22,,3.299544,0.0044516,1_02,,-7360.37
E323,5/27/2025,7:31:15 AM,85,85,0,0.00045,48.96484375,0.007138,86.21,,3.299724,0.0043635,1_03,,-662.5
E324,5/27/2025,7:31:25 AM,85,85,0,-0.001584,49.80489063,0.007124,86.2,,3.300187,0.0043347,1_04,,-124.87
E325,5/27/2025,7:31:35 AM,85,85,0,-0.000153,49.5060625,0.009126,86.13,,3.299307,0.0044638,1_05,,-316.12
E326,5/27/2025,7:31:45 AM,85,85,0,0.000591,49.56914063,0.009322,86.15,,3.299724,0.0044034,1_06,,-275.75
E327,5/27/2025,7:31:54 AM,85,85,0,-0.000938,50.39315625,0.008347,86.22,,3.299747,0.0043836,1_07,,251.62
E329,5/27/2025,7:32:15 AM,85,85,0,0.000749,50.096875,0.008231,86.33,,3.257393,0.0043738,1_09,,62
E330,5/27/2025,7:32:25 AM,85,85,0,0.001442,49.9373125,0.007971,86.48,,3.300232,0.004326,1_10,,-40.12
E331,5/27/2025,7:32:35 AM,85,85,0,0.002385,49.64296875,0.009511,86.31,,3.298889,0.0044147,2_01,,-228.5
E333,5/27/2025,7:32:55 AM,85,85,0,0.001244,50.63867188,0.009516,86.44,,3.300221,0.0043146,2_03,,408.75
E334,5/27/2025,7:33:05 AM,85,85,0,-0.000813,49.99590625,0.010076,86.42,,3.299521,0.0044045,2_04,,-2.62
E335,5/27/2025,7:33:15 AM,85,85,0,0.000394,49.55,0.011489,86.36,,3.298517,0.0044542,2_05,,-288
E336,5/27/2025,7:33:24 AM,85,85,0,-0.000513,49.79434375,0.01005,86.6,,3.299589,0.0044296,2_06,,-131.62
E337,5/27/2025,7:33:34 AM,85,85,0,-0.000577,50.44315625,0.009972,86.71,,3.299498,0.0044056,2_07,,283.62
E338,5/27/2025,7:33:44 AM,85,85,0,0.000093,49.05351563,0.011203,86.83,,3.300029,0.0043675,2_08,,-605.75
E339,5/27/2025,7:33:54 AM,85,85,0,-0.000046,49.29825,0.010862,86.82,,3.29951,0.0043861,2_09,,-449.12
E340,5/27/2025,7:34:04 AM,85,85,0,0.000055,49.00254688,0.010874,86.73,,3.298765,0.0043753,2_10,,-638.37
E341,5/27/2025,7:34:14 AM,85,85,0,0.000674,50.76425,0.009685,86.72,,3.300142,0.0044014,3_01,,489.12
E342,5/27/2025,7:34:24 AM,85,85,0,0.001164,50.18260938,0.010028,86.8,,3.29969,0.0044048,3_02,,116.87
E343,5/27/2025,7:34:34 AM,85,85,0,-0.000453,50.95898438,0.009071,86.78,,3.30004,0.0044145,3_03,,613.75
E344,5/27/2025,7:34:44 AM,85,85,0,-0.000006,49.46210938,0.010329,86.75,,3.299972,0.0043966,3_04,,-344.25
E345,5/27/2025,7:34:54 AM,85,85,0,0.00037,49.8795,0.096469,86.01,,3.300209,0.0043725,3_05,,-77.12
E346,5/27/2025,7:35:04 AM,85,85,0,-0.000354,50.76854688,0.016661,79.82,,3.226313,0.0152977,3_06,,491.87
E347,5/27/2025,7:35:14 AM,85,85,0,0.00074,50.584375,0.011027,86.01,,3.29951,0.0044287,3_07,,374
E348,5/27/2025,7:35:24 AM,85,85,0,-0.001171,49.8109375,0.006531,86.04,,3.300074,0.0044048,3_08,,-121
E349,5/27/2025,7:35:34 AM,85,85,0,0.001373,50.10039063,0.043159,86.13,,3.300447,0.0043246,3_09,,64.25
E350,5/27/2025,7:35:44 AM,85,85,0,0.001233,51.78807813,0.076289,86.2,,3.299758,0.0044064,3_10,,1144.37
E351,5/27/2025,7:35:53 AM,85,85,0,-0.000235,50.47167188,0.142779,86.02,,3.299521,0.0044029,4_01,,301.87
E352,5/27/2025,7:36:03 AM,85,85,0,0.000397,50.91953125,0.050812,86.03,,3.299961,0.0044408,4_02,,588.5
E353,5/27/2025,7:36:13 AM,85,85,0,0.00242,46.78710938,0.15332,85.96,,3.300232,0.0043623,4_03,,-2056.25
E354,5/27/2025,7:36:23 AM,85,85,0,0.003999,49.75684375,0.092022,86.52,,3.30039,0.0043663,4_04,,-155.62
E355,5/27/2025,7:36:33 AM,85,85,0,0.001932,49.61192188,0.117781,85.93,,3.3003,0.0043232,4_05,,-248.37
E356,5/27/2025,7:36:43 AM,85,85,0,-0.00021,49.76153125,0.074271,86.13,,3.299961,0.0044135,4_06,,-152.62
E321,5/27/2025,7:37:50 AM,85,85,0.625,0.625243,70.4845625,0.015364,86.35,,3.299927,0.0044073,1_01,,13110.12
E322,5/27/2025,7:38:00 AM,85,85,0.625,0.624866,57.95175,0.009665,86.24,,3.299781,0.0044543,1_02,,5089.12
E323,5/27/2025,7:38:10 AM,85,85,0.625,0.625499,69.10390625,0.007183,86.21,,3.299657,0.0043541,1_03,,12226.5
E324,5/27/2025,7:38:20 AM,85,85,0.625,0.625826,69.60604688,0.007226,86.2,,3.300153,0.0043287,1_04,,12547.87
E325,5/27/2025,7:38:30 AM,85,85,0.625,0.625576,69.56757813,0.007937,86.14,,3.299171,0.0044569,1_05,,12523.25
E326,5/27/2025,7:38:40 AM,85,85,0.625,0.625836,69.90682813,0.008306,86.16,,3.299961,0.0043949,1_06,,12740.37
E327,5/27/2025,7:38:50 AM,85,85,0.625,0.627414,70.42284375,0.007962,86.22,,3.299894,0.0043822,1_07,,13070.62
E329,5/27/2025,7:39:10 AM,85,85,0.625,0.624993,70.01210938,0.008201,86.33,,3.256321,0.0043685,1_09,,12807.75
E330,5/27/2025,7:39:20 AM,85,85,0.625,0.626948,69.78632813,0.008333,86.5,,3.300334,0.0043193,1_10,,12663.25
E331,5/27/2025,7:39:30 AM,85,85,0.625,0.626357,69.75526563,0.009477,86.33,,3.299205,0.0044072,2_01,,12643.37
E333,5/27/2025,7:39:50 AM,85,85,0.625,0.624713,70.45995313,0.009933,86.45,,3.300164,0.0043111,2_03,,13094.37
E334,5/27/2025,7:40:00 AM,85,85,0.625,0.624613,70.05214063,0.01058,86.43,,3.299307,0.0044012,2_04,,12833.37
E335,5/27/2025,7:40:10 AM,85,85,0.625,0.624924,69.50878125,0.011368,86.37,,3.298776,0.0044445,2_05,,12485.62
E336,5/27/2025,7:40:20 AM,85,85,0.625,0.623359,69.61464063,0.0102,86.61,,3.299724,0.0044225,2_06,,12553.37
E337,5/27/2025,7:40:30 AM,85,85,0.625,0.624957,70.19257813,0.010133,86.73,,3.299634,0.0044024,2_07,,12923.25
E338,5/27/2025,7:40:40 AM,85,85,0.625,0.628029,68.92753125,0.011646,86.84,,3.300119,0.0043577,2_08,,12113.62
E339,5/27/2025,7:40:50 AM,85,85,0.625,0.626169,69.40195313,0.011675,86.85,,3.29995,0.004378,2_09,,12417.25
E340,5/27/2025,7:41:00 AM,85,85,0.625,0.62652,69.35682813,0.011155,86.75,,3.298878,0.0043648,2_10,,12388.37
E341,5/27/2025,7:41:09 AM,85,85,0.625,0.625065,70.81054688,0.009475,86.75,,3.300232,0.0043976,3_01,,13318.75
E342,5/27/2025,7:41:19 AM,85,85,0.625,0.624961,70.23359375,0.009223,86.82,,3.300221,0.0044,3_02,,12949.5
E343,5/27/2025,7:41:29 AM,85,85,0.625,0.625246,70.77245313,0.008954,86.8,,3.300074,0.0044128,3_03,,13294.37
E344,5/27/2025,7:41:39 AM,85,85,0.625,0.625328,69.48534375,0.009907,86.76,,3.300164,0.0043863,3_04,,12470.62
E345,5/27/2025,7:41:49 AM,85,85,0.625,0.623768,69.7595625,0.091858,86.02,,3.300514,0.0043643,3_05,,12646.12
E346,5/27/2025,7:41:59 AM,85,85,0.625,0.625264,70.60625,0.017194,79.84,,3.228017,0.0152971,3_06,,13188
E347,5/27/2025,7:42:09 AM,85,85,0.625,0.625568,70.38828125,0.011068,86.01,,3.299374,0.0044234,3_07,,13048.5
E348,5/27/2025,7:42:19 AM,85,85,0.625,0.625762,69.71776563,0.006514,86.06,,3.300209,0.0043978,3_08,,12619.37
E349,5/27/2025,7:42:29 AM,85,85,0.625,0.625728,70.09570313,0.042606,86.14,,3.300898,0.0043193,3_09,,12861.25
E350,5/27/2025,7:42:39 AM,85,85,0.625,0.627277,71.38104688,0.075579,86.21,,3.299611,0.004408,3_10,,13683.87
E351,5/27/2025,7:42:49 AM,85,85,0.625,0.626675,70.273625,0.142992,86.02,,3.299386,0.0044009,4_01,,12975.12
E352,5/27/2025,7:42:59 AM,85,85,0.625,0.625615,70.48378125,0.050337,86.04,,3.299826,0.0044395,4_02,,13109.62
E353,5/27/2025,7:43:09 AM,85,85,0.625,0.62425,65.79335938,0.152838,85.97,,3.300153,0.0043513,4_03,,10107.75
E354,5/27/2025,7:43:18 AM,85,85,0.625,0.624358,69.93867188,0.090548,86.5,,3.30039,0.0043584,4_04,,12760.75
E355,5/27/2025,7:43:28 AM,85,85,0.625,0.627005,69.609375,0.115393,85.94,,3.300616,0.0043148,4_05,,12550
E356,5/27/2025,7:43:38 AM,85,85,0.625,0.626145,69.76229688,0.073598,86.11,,3.299984,0.0044074,4_06,,12647.87
E321,5/27/2025,7:44:45 AM,85,85,1.25,1.25045,90.40135938,0.015257,86.36,,3.300119,0.004387,1_01,,25856.87
E322,5/27/2025,7:44:55 AM,85,85,1.25,1.251267,78.0375,0.009339,86.24,,3.299792,0.0044477,1_02,,17944
E323,5/27/2025,7:45:05 AM,85,85,1.25,1.24902,89.09159375,0.007434,86.2,,3.30013,0.0043388,1_03,,25018.62
E324,5/27/2025,7:45:15 AM,85,85,1.25,1.250913,89.390625,0.007054,86.21,,3.300661,0.0043132,1_04,,25210
E325,5/27/2025,7:45:25 AM,85,85,1.25,1.249345,89.661125,0.008605,86.14,,3.299848,0.0044409,1_05,,25383.12
E326,5/27/2025,7:45:35 AM,85,85,1.25,1.249263,90.01523438,0.008638,86.18,,3.300119,0.0043776,1_06,,25609.75
E327,5/27/2025,7:45:45 AM,85,85,1.25,1.252142,90.37675,0.008146,86.22,,3.300085,0.0043669,1_07,,25841.12
E329,5/27/2025,7:46:05 AM,85,85,1.25,1.251427,89.92382813,0.007562,86.32,,3.252834,0.0043511,1_09,,25551.25
E330,5/27/2025,7:46:15 AM,85,85,1.25,1.25676,89.525,0.008074,86.5,,3.300187,0.0043017,1_10,,25296
E331,5/27/2025,7:46:25 AM,85,85,1.25,1.25209,90.15409375,0.009596,86.32,,3.299555,0.0043905,2_01,,25698.62
E333,5/27/2025,7:46:45 AM,85,85,1.25,1.250596,89.87948438,0.010069,86.45,,3.300582,0.0042956,2_03,,25522.87
E334,5/27/2025,7:46:55 AM,85,85,1.25,1.250485,90.336125,0.010613,86.45,,3.299871,0.0043856,2_04,,25815.12
E335,5/27/2025,7:47:05 AM,85,85,1.25,1.250384,89.5626875,0.010734,86.39,,3.298968,0.0044314,2_05,,25320.12
E336,5/27/2025,7:47:15 AM,85,85,1.25,1.248477,89.30390625,0.010648,86.62,,3.299679,0.0044084,2_06,,25154.5
E337,5/27/2025,7:47:25 AM,85,85,1.25,1.250616,89.848625,0.010781,86.75,,3.299566,0.0043865,2_07,,25503.12
E338,5/27/2025,7:47:35 AM,85,85,1.25,1.250575,88.6609375,0.011298,86.84,,3.300289,0.0043442,2_08,,24743
E339,5/27/2025,7:47:44 AM,85,85,1.25,1.253021,89.55078125,0.010624,86.84,,3.300029,0.0043614,2_09,,25312.5
E340,5/27/2025,7:47:54 AM,85,85,1.25,1.250289,90.0283125,0.010547,86.77,,3.299171,0.0043478,2_10,,25618.12
E341,5/27/2025,7:48:04 AM,85,85,1.25,1.251441,90.49570313,0.009312,86.76,,3.300198,0.0043801,3_01,,25917.25
E342,5/27/2025,7:48:14 AM,85,85,1.25,1.249712,90.31523438,0.009737,86.82,,3.30048,0.0043854,3_02,,25801.75
E343,5/27/2025,7:48:24 AM,85,85,1.25,1.250764,90.5626875,0.008513,86.79,,3.300311,0.0043964,3_03,,25960.12
E344,5/27/2025,7:48:34 AM,85,85,1.25,1.25018,89.43846875,0.010505,86.77,,3.300627,0.004371,3_04,,25240.62
E345,5/27/2025,7:48:44 AM,85,85,1.25,1.251704,89.67890625,0.087204,86.02,,3.300672,0.0043485,3_05,,25394.5
E346,5/27/2025,7:48:54 AM,85,85,1.25,1.250816,90.8564375,0.016459,79.82,,3.229214,0.0152803,3_06,,26148.12
E347,5/27/2025,7:49:04 AM,85,85,1.25,1.251311,89.909375,0.010871,86,,3.299521,0.0044061,3_07,,25542
E348,5/27/2025,7:49:14 AM,85,85,1.25,1.249899,89.73046875,0.00714,86.05,,3.300469,0.0043796,3_08,,25427.5
E349,5/27/2025,7:49:24 AM,85,85,1.25,1.251306,90.1720625,0.041902,86.16,,3.300898,0.0043037,3_09,,25710.12
E350,5/27/2025,7:49:34 AM,85,85,1.25,1.249533,90.81034375,0.074393,86.2,,3.299736,0.0043872,3_10,,26118.62
E351,5/27/2025,7:49:44 AM,85,85,1.25,1.249821,90.06953125,0.142807,86.02,,3.299498,0.0043851,4_01,,25644.5
E352,5/27/2025,7:49:54 AM,85,85,1.25,1.251187,89.7234375,0.04937,86.03,,3.299939,0.0044228,4_02,,25423
E353,5/27/2025,7:50:04 AM,85,85,1.25,1.249478,92.4515625,0.152207,85.97,,3.300559,0.0043232,4_03,,27169
E354,5/27/2025,7:50:13 AM,85,85,1.25,1.249819,90.17890625,0.089282,86.49,,3.30039,0.0043427,4_04,,25714.5
E355,5/27/2025,7:50:23 AM,85,85,1.25,1.249286,90.06132813,0.114031,85.92,,3.300683,0.0042985,4_05,,25639.25
E356,5/27/2025,7:50:33 AM,85,85,1.25,1.24849,89.6796875,0.07231,86.12,,3.300119,0.0043911,4_06,,25395
E321,5/27/2025,7:51:42 AM,85,85,0,0.000661,50.44198438,0.015516,86.37,,3.299781,0.0044101,1_01,,282.87
E322,5/27/2025,7:51:52 AM,85,85,0,0.001305,37.6466875,0.008922,86.28,,3.299668,0.004452,1_02,,-7906.12
E323,5/27/2025,7:52:02 AM,85,85,0,0.000327,48.97910938,0.007533,86.23,,3.299803,0.0043635,1_03,,-653.37
E324,5/27/2025,7:52:12 AM,85,85,0,0.000155,49.8045,0.00746,86.22,,3.300255,0.0043349,1_04,,-125.12
E325,5/27/2025,7:52:22 AM,85,85,0,-0.000862,49.53710938,0.007757,86.16,,3.299679,0.0044625,1_05,,-296.25
E326,5/27/2025,7:52:32 AM,85,85,0,0.001812,49.8795,0.008504,86.2,,3.299498,0.0044035,1_06,,-77.12
E327,5/27/2025,7:52:42 AM,85,85,0,0.000929,50.298625,0.007736,86.23,,3.299623,0.004383,1_07,,191.12
E329,5/27/2025,7:53:02 AM,85,85,0,0.000382,49.92851563,0.008158,86.35,,3.251152,0.0043743,1_09,,-45.75
E330,5/27/2025,7:53:12 AM,85,85,0,0.001731,49.78554688,0.008241,86.51,,3.300289,0.0043265,1_10,,-137.25
E331,5/27/2025,7:53:22 AM,85,85,0,-0.000097,49.71445313,0.00891,86.34,,3.299262,0.0044154,2_01,,-182.75
E333,5/27/2025,7:53:42 AM,85,85,0,0.000486,50.55351563,0.008932,86.48,,3.300108,0.0043147,2_03,,354.25
E334,5/27/2025,7:53:52 AM,85,85,0,0.000147,49.84179688,0.010256,86.46,,3.299634,0.0044052,2_04,,-101.25
E335,5/27/2025,7:54:02 AM,85,85,0,0.001568,49.51192188,0.010842,86.4,,3.298776,0.0044535,2_05,,-312.37
E336,5/27/2025,7:54:12 AM,85,85,0,0.000686,49.78965625,0.010069,86.64,,3.299453,0.0044303,2_06,,-134.62
E337,5/27/2025,7:54:22 AM,85,85,0,-0.000414,50.4015625,0.010216,86.77,,3.299284,0.0044069,2_07,,257
E338,5/27/2025,7:54:32 AM,85,85,0,0.000698,49.0529375,0.010957,86.86,,3.300108,0.0043665,2_08,,-606.12
E339,5/27/2025,7:54:42 AM,85,85,0,0.000747,49.28575,0.01077,86.86,,3.299961,0.0043861,2_09,,-457.12
E340,5/27/2025,7:54:52 AM,85,85,0,0.000293,49.11679688,0.010433,86.78,,3.298731,0.0043756,2_10,,-565.25
E341,5/27/2025,7:55:02 AM,85,85,0,0.000196,50.715625,0.009682,86.76,,3.300209,0.0044004,3_01,,458
E342,5/27/2025,7:55:12 AM,85,85,0,0.001296,50.23671875,0.009682,86.85,,3.300006,0.0044047,3_02,,151.5
E343,5/27/2025,7:55:22 AM,85,85,0,0.000696,50.86445313,0.008119,86.84,,3.299905,0.0044152,3_03,,553.25
E344,5/27/2025,7:55:32 AM,85,85,0,0.000303,49.28554688,0.010472,86.79,,3.300221,0.004396,3_04,,-457.25
E345,5/27/2025,7:55:42 AM,85,85,0,-0.000451,49.82578125,0.082311,86.05,,3.300232,0.0043715,3_05,,-111.5
E346,5/27/2025,7:55:52 AM,85,85,0,0.000712,50.8205,0.016426,79.84,,3.22804,0.0152966,3_06,,525.12
E347,5/27/2025,7:56:02 AM,85,85,0,0.001368,50.63476563,0.010379,86.03,,3.29951,0.0044288,3_07,,406.25
E348,5/27/2025,7:56:12 AM,85,85,0,0.000572,49.78340625,0.007118,86.08,,3.299995,0.004405,3_08,,-138.62
E349,5/27/2025,7:56:22 AM,85,85,0,-0.000133,50.2859375,0.040862,86.17,,3.300593,0.0043234,3_09,,183
E350,5/27/2025,7:56:32 AM,85,85,0,0.000298,51.44140625,0.073573,86.21,,3.299453,0.0044071,3_10,,922.5
E351,5/27/2025,7:56:41 AM,85,85,0,-0.000408,50.57734375,0.142721,86.04,,3.299487,0.0044032,4_01,,369.5
E352,5/27/2025,7:56:51 AM,85,85,0,-0.000557,50.75604688,0.048746,86.07,,3.299894,0.0044412,4_02,,483.87
E353,5/27/2025,7:57:01 AM,85,85,0,0.000041,46.592,0.152095,85.99,,3.300018,0.0043616,4_03,,-2181.12
E354,5/27/2025,7:57:11 AM,85,85,0,0.000416,49.65390625,0.088146,86.53,,3.300334,0.0043657,4_04,,-221.5
E355,5/27/2025,7:57:21 AM,85,85,0,-0.000019,49.46679688,0.11192,85.96,,3.300401,0.0043235,4_05,,-341.25
E356,5/27/2025,7:57:31 AM,85,85,0,0.002463,49.9,0.07238,86.14,,3.299894,0.0044146,4_06,,-64
E321,5/27/2025,7:58:35 AM,85,85,-1.25,-1.250319,10.34726563,0.014995,86.36,,3.300514,0.0043654,1_01,,-25377.75
E322,5/27/2025,7:58:45 AM,85,85,-1.25,-1.250651,-1.2,0.008309,85.97,,3.303324,0.0039075,1_02,,-32768
E323,5/27/2025,7:58:55 AM,85,85,-1.25,-1.249876,9.250203125,0.007377,86.2,,3.300435,0.0043101,1_03,,-26079.87
E324,5/27/2025,7:59:05 AM,85,85,-1.25,-1.25015,9.93359375,0.007105,86.2,,3.300954,0.0042859,1_04,,-25642.5
E325,5/27/2025,7:59:14 AM,85,85,-1.25,-1.249673,9.5873125,0.00804,86.12,,3.300187,0.004406,1_05,,-25864.12
E326,5/27/2025,7:59:25 AM,85,85,-1.25,-1.249554,9.884375,0.008629,86.18,,3.300447,0.0043492,1_06,,-25674
E327,5/27/2025,7:59:34 AM,85,85,-1.25,-1.248065,10.33554688,0.008524,86.21,,3.300503,0.0043338,1_07,,-25385.25
E329,5/27/2025,7:59:55 AM,85,85,-1.25,-1.249871,9.96778125,0.007417,86.32,,3.250882,0.0043227,1_09,,-25620.62
E330,5/27/2025,8:00:05 AM,85,85,-1.25,-1.250688,9.873046875,0.007938,86.51,,3.300988,0.0042802,1_10,,-25681.25
E331,5/27/2025,8:00:14 AM,85,85,-1.25,-1.250666,9.651375,0.009472,86.32,,3.29986,0.004358,2_01,,-25823.12
E333,5/27/2025,8:00:35 AM,85,85,-1.25,-1.249711,10.42539063,0.009773,86.46,,3.300864,0.0042714,2_03,,-25327.75
E334,5/27/2025,8:00:45 AM,85,85,-1.25,-1.249757,9.6546875,0.010565,86.46,,3.300582,0.0043503,2_04,,-25821
E335,5/27/2025,8:00:54 AM,85,85,-1.25,-1.25031,9.298640625,0.010754,86.39,,3.299532,0.0043957,2_05,,-26048.87
E336,5/27/2025,8:01:04 AM,85,85,-1.25,-1.248535,9.806640625,0.009892,86.61,,3.300051,0.0043781,2_06,,-25723.75
E337,5/27/2025,8:01:14 AM,85,85,-1.25,-1.24941,10.617,0.010053,86.76,,3.30004,0.0043611,2_07,,-25205.12
E338,5/27/2025,8:01:24 AM,85,85,-1.25,-1.250293,8.25059375,0.010933,86.84,,3.300729,0.004305,2_08,,-26719.62
E339,5/27/2025,8:01:34 AM,85,85,-1.25,-1.250074,9.411140625,0.010396,86.85,,3.300514,0.0043319,2_09,,-25976.87
E340,5/27/2025,8:01:44 AM,85,85,-1.25,-1.25077,9.244921875,0.010984,86.76,,3.299498,0.0043203,2_10,,-26083.25
E341,5/27/2025,8:01:54 AM,85,85,-1.25,-1.250027,10.92989063,0.009022,86.76,,3.300356,0.0043576,3_01,,-25004.87
E342,5/27/2025,8:02:04 AM,85,85,-1.25,-1.249433,10.07460938,0.009019,86.84,,3.300604,0.0043545,3_02,,-25552.25
E343,5/27/2025,8:02:14 AM,85,85,-1.25,-1.249581,10.95898438,0.008649,86.83,,3.300638,0.0043724,3_03,,-24986.25
E344,5/27/2025,8:02:24 AM,85,85,-1.25,-1.250316,9.00840625,0.010334,86.79,,3.300875,0.0043434,3_04,,-26234.62
E345,5/27/2025,8:02:34 AM,85,85,-1.25,-1.250258,9.66328125,0.078242,86.03,,3.300988,0.0043224,3_05,,-25815.5
E346,5/27/2025,8:02:44 AM,85,85,-1.25,-1.249473,10.90879688,0.016755,79.84,,3.228424,0.0152534,3_06,,-25018.37
E347,5/27/2025,8:02:54 AM,85,85,-1.25,-1.24928,10.58614063,0.010625,86.01,,3.300164,0.0043844,3_07,,-25224.87
E348,5/27/2025,8:03:04 AM,85,85,-1.25,-1.249562,9.820703125,0.006932,86.06,,3.30083,0.0043557,3_08,,-25714.75
E349,5/27/2025,8:03:14 AM,85,85,-1.25,-1.249199,10.27364063,0.041002,86.16,,3.301417,0.004279,3_09,,-25424.87
E350,5/27/2025,8:03:24 AM,85,85,-1.25,-1.250166,11.9841875,0.062394,86.18,,3.300469,0.0043656,3_10,,-24330.12
E351,5/27/2025,8:03:34 AM,85,85,-1.25,-1.248431,10.6359375,0.141759,86.04,,3.300085,0.0043562,4_01,,-25193
E352,5/27/2025,8:03:43 AM,85,85,-1.25,-1.249348,10.3091875,0.048899,86.03,,3.300435,0.0043911,4_02,,-25402.12
E353,5/27/2025,8:03:53 AM,85,85,-1.25,-1.250438,29.94785938,0.152161,85.99,,3.300593,0.0043441,4_03,,-12833.37
E354,5/27/2025,8:04:03 AM,85,85,-1.25,-1.250787,9.921484375,0.086658,86.52,,3.300932,0.0043174,4_04,,-25650.25
E355,5/27/2025,8:04:13 AM,85,85,-1.25,-1.250057,9.286921875,0.111199,85.94,,3.300717,0.0042715,4_05,,-26056.37
E356,5/27/2025,8:04:23 AM,85,85,-1.25,-1.250363,10.04179688,0.070813,86.12,,3.30048,0.0043659,4_06,,-25573.25
E321,5/27/2025,9:06:19 AM,25,25,-1.25,-1.251139,52.8,0.38286,42.5,,3.298483,0.0043757,1_01,,1792
E322,5/27/2025,9:06:29 AM,25,25,-1.25,-1.247828,9.5810625,0.00117,25.3,,3.298607,0.0044571,1_02,,-25868.12
E323,5/27/2025,9:06:39 AM,25,25,-1.25,-1.249162,9.6045,0.000344,25.27,,3.298934,0.0043521,1_03,,-25853.12
E324,5/27/2025,9:06:49 AM,25,25,-1.25,-1.250521,9.537703125,0.000212,25.24,,3.299453,0.0043274,1_04,,-25895.87
E325,5/27/2025,9:06:59 AM,25,25,-1.25,-1.248642,9.59921875,0.000939,25.22,,3.298686,0.004445,1_05,,-25856.5
E326,5/27/2025,9:07:09 AM,25,25,-1.25,-1.248401,9.688484375,0.000331,25.22,,3.29837,0.0043939,1_06,,-25799.37
E327,5/27/2025,9:07:19 AM,25,25,-1.25,-1.248154,9.614453125,0.000355,25.25,,3.299126,0.0043795,1_07,,-25846.75
E329,5/27/2025,9:07:39 AM,25,25,-1.25,-1.247489,9.765234375,-0.000163,25.17,,3.166964,0.0043577,1_09,,-25750.25
E330,5/27/2025,9:07:49 AM,25,25,-1.25,-1.249383,9.668171875,0.000877,25.33,,3.299498,0.0043189,1_10,,-25812.37
E331,5/27/2025,9:07:59 AM,25,25,-1.25,-1.250169,9.712109375,-0.00011,25.2,,3.298539,0.0043956,2_01,,-25784.25
E333,5/27/2025,9:08:19 AM,25,25,-1.25,-1.249519,9.76075,0.000236,25.36,,3.299092,0.0043026,2_03,,-25753.12
E334,5/27/2025,9:08:29 AM,25,25,-1.25,-1.250067,9.496296875,0.000787,25.26,,3.298415,0.0043948,2_04,,-25922.37
E335,5/27/2025,9:08:39 AM,25,25,-1.25,-1.249113,9.667578125,0.000634,25.3,,3.297862,0.0044404,2_05,,-25812.75
E336,5/27/2025,9:08:49 AM,25,25,-1.25,-1.249923,9.698640625,-0.000018,25.41,,3.298178,0.0044267,2_06,,-25792.87
E337,5/27/2025,9:08:59 AM,25,25,-1.25,-1.249777,9.68984375,0.000695,25.42,,3.298494,0.0044079,2_07,,-25798.5
E338,5/27/2025,9:09:09 AM,25,25,-1.25,-1.247458,9.65859375,0.001453,25.51,,3.299104,0.0043517,2_08,,-25818.5
E339,5/27/2025,9:09:19 AM,25,25,-1.25,-1.24867,10.18359375,0.000666,25.44,,3.299126,0.0043792,2_09,,-25482.5
E340,5/27/2025,9:09:29 AM,25,25,-1.25,-1.248071,9.618359375,0.000471,25.41,,3.298088,0.0043583,2_10,,-25844.25
E341,5/27/2025,9:09:39 AM,25,25,-1.25,-1.250623,9.550984375,0.001854,25.48,,3.299047,0.0043994,3_01,,-25887.37
E342,5/27/2025,9:09:49 AM,25,25,-1.25,-1.248658,9.697078125,0.002251,25.42,,3.299115,0.004396,3_02,,-25793.87
E343,5/27/2025,9:09:59 AM,25,25,-1.25,-1.249482,9.65996875,0.002354,25.46,,3.298878,0.0044155,3_03,,-25817.62
E344,5/27/2025,9:10:09 AM,25,25,-1.25,-1.250718,9.368359375,0.00081,25.4,,3.299397,0.0043884,3_04,,-26004.25
E345,5/27/2025,9:10:19 AM,25,25,-1.25,-1.249019,9.608796875,-0.000006,25.17,,3.299171,0.0043796,3_05,,-25850.37
E346,5/27/2025,9:10:29 AM,25,24.9,-1.25,-1.248868,9.72403125,0.00035,24.77,,3.145274,0.0278613,3_06,,-25776.62
E347,5/27/2025,9:10:39 AM,25,24.9,-1.25,-1.249028,9.654109375,-0.000449,25.12,,3.298438,0.0044282,3_07,,-25821.37
E348,5/27/2025,9:10:49 AM,25,24.9,-1.25,-1.249554,9.626375,-0.000205,25.15,,3.299104,0.004399,3_08,,-25839.12
E349,5/27/2025,9:10:59 AM,25,25,-1.25,-1.248569,9.647859375,0.000458,25.17,,3.299645,0.0043105,3_09,,-25825.37
E350,5/27/2025,9:11:09 AM,25,24.9,-1.25,-1.249959,9.56640625,0.001346,25.21,,3.298946,0.0044089,3_10,,-25877.5
E351,5/27/2025,9:11:19 AM,25,24.9,-1.25,-1.248548,9.703515625,0.005955,25.18,,3.29846,0.0043952,4_01,,-25789.75
E352,5/27/2025,9:11:29 AM,25,25,-1.25,-1.247631,9.70703125,0.001437,25.2,,3.298663,0.0044452,4_02,,-25787.5
E353,5/27/2025,9:11:38 AM,25,25,-1.25,-1.247855,9.80684375,0.00486,25.24,,3.299115,0.0043499,4_03,,-25723.62
E354,5/27/2025,9:11:48 AM,25,25,-1.25,-1.247046,9.628328125,0.001936,25.66,,3.299171,0.0043614,4_04,,-25837.87
E355,5/27/2025,9:11:58 AM,25,25,-1.25,-1.249315,9.728328125,0.000878,25.23,,3.299679,0.0043048,4_05,,-25773.87
E356,5/27/2025,9:12:08 AM,25,25,-1.25,-1.250617,9.614453125,0.001024,25.19,,3.29872,0.0044079,4_06,,-25846.75
E321,5/27/2025,9:13:15 AM,25,25.1,-0.625,-0.624788,52.8,0.361596,42.5,,3.297715,0.0044143,1_01,,1792
E322,5/27/2025,9:13:25 AM,25,25,-0.625,-0.623274,29.71465625,0.000368,25.24,,3.298201,0.0044971,1_02,,-12982.62
E323,5/27/2025,9:13:35 AM,25,25,-0.625,-0.624659,29.41817188,0.000925,25.19,,3.29837,0.0043903,1_03,,-13172.37
E324,5/27/2025,9:13:45 AM,25,25,-0.625,-0.624231,29.5203125,0.000492,25.17,,3.298878,0.0043678,1_04,,-13107
E325,5/27/2025,9:13:55 AM,25,25,-0.625,-0.625474,29.87051563,0.000692,25.18,,3.298178,0.0044878,1_05,,-12882.87
E326,5/27/2025,9:14:05 AM,25,25,-0.625,-0.624428,29.73476563,0.000944,25.15,,3.298426,0.0044365,1_06,,-12969.75
E327,5/27/2025,9:14:15 AM,25,25,-0.625,-0.629668,29.45879688,0.001255,25.2,,3.298336,0.0044222,1_07,,-13146.37
E329,5/27/2025,9:14:35 AM,25,25,-0.625,-0.625219,29.617,-0.000195,25.12,,3.181691,0.0044012,1_09,,-13045.12
E330,5/27/2025,9:14:45 AM,25,25,-0.625,-0.625169,29.84707813,0.000038,25.26,,3.2989,0.0043533,1_10,,-12897.87
E331,5/27/2025,9:14:55 AM,25,25,-0.625,-0.623842,29.64160938,-0.000606,25.15,,3.297727,0.0044387,2_01,,-13029.37
E333,5/27/2025,9:15:15 AM,25,25,-0.625,-0.625197,29.71289063,0.000127,25.27,,3.298483,0.0043392,2_03,,-12983.75
E334,5/27/2025,9:15:25 AM,25,25,-0.625,-0.622827,29.78496875,0.000801,25.16,,3.298393,0.00444,2_04,,-12937.62
E335,5/27/2025,9:15:35 AM,25,25,-0.625,-0.62421,29.5703125,0.000409,25.21,,3.297343,0.0044829,2_05,,-13075
E336,5/27/2025,9:15:45 AM,25,25,-0.625,-0.62619,29.66796875,0.000651,25.32,,3.298122,0.0044677,2_06,,-13012.5
E337,5/27/2025,9:15:55 AM,25,25,-0.625,-0.623445,29.55703125,-0.00016,25.26,,3.298043,0.0044486,2_07,,-13083.5
E338,5/27/2025,9:16:05 AM,25,25,-0.625,-0.623465,29.46835938,0.000721,25.35,,3.298483,0.00439,2_08,,-13140.25
E339,5/27/2025,9:16:15 AM,25,25,-0.625,-0.624173,29.99942188,0.001014,25.3,,3.298697,0.0044144,2_09,,-12800.37
E340,5/27/2025,9:16:25 AM,25,25,-0.625,-0.622683,29.709375,0.001075,25.26,,3.297569,0.0043985,2_10,,-12986
E341,5/27/2025,9:16:35 AM,25,25,-0.625,-0.623198,29.76660938,0.002732,25.32,,3.298731,0.0044398,3_01,,-12949.37
E342,5/27/2025,9:16:45 AM,25,25,-0.625,-0.62528,29.79785938,0.001689,25.27,,3.297953,0.0044394,3_02,,-12929.37
E343,5/27/2025,9:16:55 AM,25,25,-0.625,-0.625658,29.61075,0.003046,25.3,,3.297772,0.0044556,3_03,,-13049.12
E344,5/27/2025,9:17:05 AM,25,25,-0.625,-0.622003,29.50273438,0.001,25.26,,3.298268,0.0044285,3_04,,-13118.25
E345,5/27/2025,9:17:15 AM,25,25,-0.625,-0.6267,29.73575,0.000024,25.12,,3.298065,0.0044183,3_05,,-12969.12
E346,5/27/2025,9:17:25 AM,25,25.1,-0.625,-0.624084,29.7125,0.000455,24.72,,3.143254,0.027888,3_06,,-12984
E347,5/27/2025,9:17:35 AM,25,25.1,-0.625,-0.624639,29.645125,-0.000502,25.08,,3.298043,0.0044688,3_07,,-13027.12
E348,5/27/2025,9:17:45 AM,25,25,-0.625,-0.624999,29.64551563,-0.000081,25.09,,3.298754,0.0044388,3_08,,-13026.87
E349,5/27/2025,9:17:55 AM,25,25,-0.625,-0.622895,29.9466875,0.00095,25.13,,3.299397,0.004346,3_09,,-12834.12
E350,5/27/2025,9:18:05 AM,25,24.9,-0.625,-0.624291,29.50976563,0.000799,25.17,,3.298201,0.0044492,3_10,,-13113.75
E351,5/27/2025,9:18:15 AM,25,24.9,-0.625,-0.622034,29.68515625,0.006019,25.16,,3.297828,0.0044373,4_01,,-13001.5
E352,5/27/2025,9:18:25 AM,25,25,-0.625,-0.625054,29.65195313,0.001279,25.15,,3.298032,0.004487,4_02,,-13022.75
E353,5/27/2025,9:18:35 AM,25,25,-0.625,-0.623715,29.73125,0.004648,25.19,,3.298539,0.0043876,4_03,,-12972
E354,5/27/2025,9:18:45 AM,25,25,-0.625,-0.624141,29.63692188,0.001252,25.61,,3.298483,0.0043999,4_04,,-13032.37
E355,5/27/2025,9:18:55 AM,25,25,-0.625,-0.623539,29.79864063,0.001178,25.16,,3.29881,0.0043423,4_05,,-12928.87
E356,5/27/2025,9:19:05 AM,25,25,-0.625,-0.623965,29.51523438,0.000893,25.16,,3.298494,0.004447,4_06,,-13110.25
E321,5/27/2025,9:20:16 AM,25,25,0,0.000187,52.8,0.343077,42.5,,3.297919,0.0044248,1_01,,1792
E322,5/27/2025,9:20:26 AM,25,25,0,-0.000402,49.62403125,0.00132,25.18,,3.297998,0.0045041,1_02,,-240.62
E323,5/27/2025,9:20:36 AM,25,25,0,0.001089,49.78379688,0.000304,25.15,,3.298426,0.0043977,1_03,,-138.37
E324,5/27/2025,9:20:46 AM,25,25,0,0.000528,49.52364063,-0.000018,25.1,,3.298912,0.0043766,1_04,,-304.87
E325,5/27/2025,9:20:56 AM,25,25,0,0.000759,49.771875,0.001332,25.1,,3.297941,0.0044967,1_05,,-146
E326,5/27/2025,9:21:21 AM,25,25,0,-0.003315,72.4,-0.000241,79.46,,3.298268,0.0044522,1_06,,14336
E327,5/27/2025,9:21:31 AM,25,25,0,0.000505,49.79414063,0.001207,25.14,,3.297862,0.0044327,1_07,,-131.75
E329,5/27/2025,9:21:51 AM,25,25,0,0.000121,49.71660938,0.000673,25.05,,3.166343,0.0044098,1_09,,-181.37
E330,5/27/2025,9:22:01 AM,25,25,0,0.001316,49.709375,0.000719,25.2,,3.298821,0.0043616,1_10,,-186
E331,5/27/2025,9:22:11 AM,25,25,0,-0.000358,49.74004688,-0.00025,25.1,,3.297783,0.0044482,2_01,,-166.37
E333,5/27/2025,9:22:31 AM,25,25,0,-0.000133,49.7921875,-0.000221,25.18,,3.298438,0.0043476,2_03,,-133
E334,5/27/2025,9:22:41 AM,25,24.9,0,-0.000309,49.58867188,0.000014,25.07,,3.298156,0.0044519,2_04,,-263.25
E335,5/27/2025,9:22:51 AM,25,24.9,0,0.001062,49.64004688,0.000276,25.09,,3.297366,0.0044922,2_05,,-230.37
E336,5/27/2025,9:23:01 AM,25,24.9,0,0.000192,49.65117188,0.000576,25.23,,3.297862,0.0044763,2_06,,-223.25
E337,5/27/2025,9:23:11 AM,25,24.9,0,0.001181,49.9216875,0.00072,25.14,,3.297715,0.0044567,2_07,,-50.12
E338,5/27/2025,9:23:21 AM,25,24.9,0,0.002585,49.96075,0.002156,25.22,,3.298178,0.0043976,2_08,,-25.12
E339,5/27/2025,9:23:31 AM,25,25,0,0.00186,49.94082813,0.000436,25.18,,3.298517,0.0044224,2_09,,-37.87
E340,5/27/2025,9:23:41 AM,25,25,0,-0.000047,49.7421875,0.00095,25.17,,3.297151,0.0044063,2_10,,-165
E341,5/27/2025,9:23:51 AM,25,25,0,0.000222,49.6203125,0.003276,25.21,,3.29846,0.004449,3_01,,-243
E342,5/27/2025,9:24:01 AM,25,25.1,0,-0.000096,49.85703125,0.001941,25.17,,3.298426,0.0044488,3_02,,-91.5
E343,5/27/2025,9:24:11 AM,25,25.1,0,0.002174,49.67460938,0.003062,25.18,,3.298573,0.0044637,3_03,,-208.25
E344,5/27/2025,9:24:21 AM,25,25.1,0,0.002695,49.50976563,0.000997,25.16,,3.298584,0.004435,3_04,,-313.75
E345,5/27/2025,9:24:31 AM,25,25.1,0,0.000171,49.72285938,-0.000179,25.06,,3.298336,0.0044266,3_05,,-177.37
E346,5/27/2025,9:24:41 AM,25,25,0,-0.000163,49.67442188,-0.000103,24.67,,3.141008,0.0278852,3_06,,-208.37
E347,5/27/2025,9:24:51 AM,25,25,0,0.000354,49.63320313,0.000329,25.04,,3.297885,0.004477,3_07,,-234.75
E348,5/27/2025,9:25:01 AM,25,25,0,0.001485,49.79023438,-0.00034,25.05,,3.298336,0.0044464,3_08,,-134.25
E349,5/27/2025,9:25:11 AM,25,25,0,0.001199,49.86640625,0.000773,25.08,,3.299239,0.0043562,3_09,,-85.5
E350,5/27/2025,9:25:21 AM,25,25,0,0.000362,49.51054688,0.001523,25.11,,3.298144,0.0044572,3_10,,-313.25
E351,5/27/2025,9:25:31 AM,25,25,0,0.001427,49.70332813,0.005203,25.11,,3.297783,0.004447,4_01,,-189.87
E352,5/27/2025,9:25:41 AM,25,25,0,0.000199,49.77109375,0.001537,25.12,,3.297569,0.0044971,4_02,,-146.5
E353,5/27/2025,9:25:51 AM,25,25,0,0.001796,49.7498125,0.004927,25.17,,3.298607,0.0043972,4_03,,-160.12
E354,5/27/2025,9:26:01 AM,25,25,0,-0.000366,49.72676563,0.001744,25.57,,3.298675,0.004407,4_04,,-174.87
E355,5/27/2025,9:26:11 AM,25,25,0,0.000634,49.82070313,0.001416,25.13,,3.298709,0.0043495,4_05,,-114.75
E356,5/27/2025,9:26:21 AM,25,24.9,0,0.00109,49.61465625,0.00087,25.11,,3.298167,0.004456,4_06,,-246.62
E321,5/27/2025,9:27:30 AM,25,25,0.625,0.625214,52.8,0.34593,42.5,,3.297896,0.0044206,1_01,,1792
E322,5/27/2025,9:27:40 AM,25,25.1,0.625,0.624889,69.69609375,0.00085,25.12,,3.298122,0.0044958,1_02,,12605.5
E323,5/27/2025,9:27:50 AM,25,25,0.625,0.625662,69.64375,0.000949,25.1,,3.298325,0.0043907,1_03,,12572
E324,5/27/2025,9:28:00 AM,25,25,0.625,0.624906,69.67284375,0.000504,25.05,,3.298912,0.0043692,1_04,,12590.62
E325,5/27/2025,9:28:10 AM,25,25,0.625,0.629106,69.69901563,0.001373,25.05,,3.298144,0.0044908,1_05,,12607.37
E326,5/27/2025,9:28:20 AM,25,25,0.625,0.625707,69.97421875,0.000986,25.05,,3.298189,0.0044387,1_06,,12783.5
E327,5/27/2025,9:28:30 AM,25,25,0.625,0.624125,69.93221875,0.001523,25.09,,3.298032,0.0044293,1_07,,12756.62
E329,5/27/2025,9:28:50 AM,25,25,0.625,0.628525,69.71015625,0.000031,25.02,,3.174379,0.0044044,1_09,,12614.5
E330,5/27/2025,9:29:00 AM,25,25,0.625,0.625337,69.9095625,0.00061,25.14,,3.298404,0.004355,1_10,,12742.12
E331,5/27/2025,9:29:10 AM,25,25,0.625,0.627998,69.7955,0.000364,25.04,,3.297366,0.0044415,2_01,,12669.12
E333,5/27/2025,9:29:30 AM,25,25,0.625,0.625015,69.92929688,0.000168,25.14,,3.298551,0.0043416,2_03,,12754.75
E334,5/27/2025,9:29:40 AM,25,25,0.625,0.625006,69.72929688,0.000092,25.05,,3.29828,0.0044476,2_04,,12626.75
E335,5/27/2025,9:29:50 AM,25,25.1,0.625,0.62517,69.779875,0.000393,25.08,,3.29749,0.0044851,2_05,,12659.12
E336,5/27/2025,9:30:00 AM,25,25.1,0.625,0.624775,69.84609375,-0.000017,25.2,,3.297828,0.0044705,2_06,,12701.5
E337,5/27/2025,9:30:10 AM,25,25,0.625,0.627446,69.85859375,-0.000027,25.09,,3.298122,0.0044514,2_07,,12709.5
E338,5/27/2025,9:30:20 AM,25,25,0.625,0.625045,69.88515625,0.002103,25.16,,3.298821,0.004394,2_08,,12726.5
E339,5/27/2025,9:30:29 AM,25,25,0.625,0.625323,69.87440625,0.000769,25.12,,3.298551,0.0044161,2_09,,12719.62
E340,5/27/2025,9:30:39 AM,25,25,0.625,0.625284,69.72773438,0.000882,25.1,,3.297467,0.0043987,2_10,,12625.75
E341,5/27/2025,9:30:49 AM,25,25,0.625,0.623333,69.73221875,0.002947,25.14,,3.298528,0.0044438,3_01,,12628.62
E342,5/27/2025,9:30:59 AM,25,25,0.625,0.625842,69.96307813,0.001952,25.1,,3.298483,0.0044446,3_02,,12776.37
E343,5/27/2025,9:31:09 AM,25,25,0.625,0.626217,69.83164063,0.002572,25.11,,3.298415,0.004458,3_03,,12692.25
E344,5/27/2025,9:31:19 AM,25,24.9,0.625,0.625119,69.54120313,0.00114,25.08,,3.2989,0.0044255,3_04,,12506.37
E345,5/27/2025,9:31:29 AM,25,24.9,0.625,0.624904,69.7189375,-0.00042,25.01,,3.298799,0.0044178,3_05,,12620.12
E346,5/27/2025,9:31:39 AM,25,24.9,0.625,0.625733,69.77851563,-0.000013,24.64,,3.143468,0.0278998,3_06,,12658.25
E347,5/27/2025,9:31:49 AM,25,24.9,0.625,0.625214,69.72479688,-0.000411,25,,3.297964,0.0044674,3_07,,12623.87
E348,5/27/2025,9:31:59 AM,25,25,0.625,0.625455,69.74335938,0.000208,25.02,,3.298968,0.00444,3_08,,12635.75
E349,5/27/2025,9:32:09 AM,25,25,0.625,0.625044,69.890625,0.001465,25.03,,3.299431,0.0043512,3_09,,12730
E350,5/27/2025,9:32:19 AM,25,25,0.625,0.627267,69.65135938,0.001404,25.08,,3.29837,0.0044515,3_10,,12576.87
E351,5/27/2025,9:32:29 AM,25,25.1,0.625,0.62291,69.75039063,0.005274,25.1,,3.298167,0.0044432,4_01,,12640.25
E352,5/27/2025,9:32:39 AM,25,25.1,0.625,0.623402,69.80039063,0.001323,25.1,,3.298246,0.0044925,4_02,,12672.25
E353,5/27/2025,9:32:49 AM,25,25.1,0.625,0.625294,69.71601563,0.004643,25.14,,3.298968,0.004391,4_03,,12618.25
E354,5/27/2025,9:32:59 AM,25,25.1,0.625,0.625035,69.80839063,0.000943,25.55,,3.298968,0.0044013,4_04,,12677.37
E355,5/27/2025,9:33:09 AM,25,25,0.625,0.626688,69.82734375,0.001131,25.11,,3.299307,0.0043423,4_05,,12689.5
E356,5/27/2025,9:33:19 AM,25,25,0.625,0.625986,69.93007813,0.001698,25.07,,3.29872,0.0044477,4_06,,12755.25
E321,5/27/2025,9:34:26 AM,25,25,1.25,1.250533,52.8,0.317844,42.5,,3.298235,0.0043978,1_01,,1792
E322,5/27/2025,9:34:36 AM,25,25,1.25,1.250524,89.59042188,0.000812,25.1,,3.298618,0.0044782,1_02,,25337.87
E323,5/27/2025,9:34:46 AM,25,25,1.25,1.248701,89.69335938,0.001363,25.08,,3.298675,0.0043717,1_03,,25403.75
E324,5/27/2025,9:34:56 AM,25,25,1.25,1.248872,89.7109375,0.001226,25.05,,3.299284,0.0043529,1_04,,25415
E325,5/27/2025,9:35:06 AM,25,25,1.25,1.250871,89.72929688,0.001219,25.03,,3.29837,0.0044735,1_05,,25426.75
E326,5/27/2025,9:35:16 AM,25,25,1.25,1.250428,89.81073438,0.001343,25.03,,3.298641,0.0044202,1_06,,25478.87
E327,5/27/2025,9:35:26 AM,25,25,1.25,1.252914,90.061125,0.000982,25.07,,3.298754,0.0044133,1_07,,25639.12
E329,5/27/2025,9:35:46 AM,25,24.9,1.25,1.2488,89.59120313,0.00079,24.96,,3.163793,0.0043847,1_09,,25338.37
E330,5/27/2025,9:35:56 AM,25,24.9,1.25,1.251172,89.8796875,0.001163,25.1,,3.299216,0.0043364,1_10,,25523
E331,5/27/2025,9:36:06 AM,25,24.9,1.25,1.250852,89.91914063,0.00032,25.02,,3.298088,0.0044236,2_01,,25548.25
E333,5/27/2025,9:36:26 AM,25,25,1.25,1.248749,89.72617188,0.000132,25.09,,3.298742,0.0043248,2_03,,25424.75
E334,5/27/2025,9:36:36 AM,25,25,1.25,1.249309,89.63534375,0.000777,25.01,,3.298607,0.004433,2_04,,25366.62
E335,5/27/2025,9:36:46 AM,25,25,1.25,1.249792,89.85721875,-0.00004,25.05,,3.297761,0.0044688,2_05,,25508.62
E336,5/27/2025,9:36:56 AM,25,25,1.25,1.248831,89.94042188,0.000178,25.18,,3.298438,0.0044534,2_06,,25561.87
E337,5/27/2025,9:37:06 AM,25,25,1.25,1.249053,89.90760938,-0.000115,25.06,,3.298246,0.0044336,2_07,,25540.87
E338,5/27/2025,9:37:16 AM,25,25,1.25,1.251026,89.867375,0.002316,25.12,,3.298584,0.0043787,2_08,,25515.12
E339,5/27/2025,9:37:26 AM,25,25,1.25,1.250134,89.859375,0.000847,25.07,,3.298336,0.0043989,2_09,,25510
E340,5/27/2025,9:37:36 AM,25,25,1.25,1.255039,89.6765625,0.000005,25.04,,3.297817,0.0043803,2_10,,25393
E341,5/27/2025,9:37:46 AM,25,25,1.25,1.25105,89.69120313,0.002942,25.09,,3.298968,0.0044256,3_01,,25402.37
E342,5/27/2025,9:37:56 AM,25,25,1.25,1.25066,89.69453125,0.003028,25.05,,3.298867,0.0044301,3_02,,25404.5
E343,5/27/2025,9:38:06 AM,25,24.9,1.25,1.250001,89.82870313,0.003632,25.06,,3.298551,0.0044425,3_03,,25490.37
E344,5/27/2025,9:38:16 AM,25,24.9,1.25,1.250769,89.5953125,0.001884,25.03,,3.299036,0.0044086,3_04,,25341
E345,5/27/2025,9:38:26 AM,25,24.9,1.25,1.252545,89.85859375,0.000104,25.02,,3.298788,0.0043999,3_05,,25509.5
E346,5/27/2025,9:38:36 AM,25,24.9,1.25,1.251362,89.72440625,0.00059,24.66,,3.144179,0.0278904,3_06,,25423.62
E347,5/27/2025,9:38:46 AM,25,25,1.25,1.250681,89.5734375,0.000144,24.99,,3.297907,0.0044511,3_07,,25327
E348,5/27/2025,9:38:56 AM,25,25,1.25,1.24911,89.7939375,-0.000289,25.01,,3.299081,0.0044214,3_08,,25468.12
E349,5/27/2025,9:39:06 AM,25,25,1.25,1.249867,89.99023438,0.001028,25.03,,3.299453,0.0043341,3_09,,25593.75
E350,5/27/2025,9:39:16 AM,25,25,1.25,1.24994,89.86776563,0.001522,25.06,,3.298189,0.0044338,3_10,,25515.37
E351,5/27/2025,9:39:26 AM,25,25,1.25,1.250807,90.00507813,0.005343,25.09,,3.298178,0.004428,4_01,,25603.25
E352,5/27/2025,9:39:36 AM,25,25,1.25,1.247585,89.70546875,0.000626,25.07,,3.298573,0.0044767,4_02,,25411.5
E353,5/27/2025,9:39:46 AM,25,25,1.25,1.249446,89.692375,0.004834,25.13,,3.299126,0.0043737,4_03,,25403.12
E354,5/27/2025,9:39:56 AM,25,25,1.25,1.253361,89.51953125,0.001017,25.5,,3.298957,0.0043843,4_04,,25292.5
E355,5/27/2025,9:40:06 AM,25,25,1.25,1.248557,89.99667188,0.001784,25.08,,3.299668,0.0043238,4_05,,25597.87
E356,5/27/2025,9:40:16 AM,25,25,1.25,1.250902,89.65839063,0.001644,25.07,,3.298539,0.0044302,4_06,,25381.37
E321,5/27/2025,9:41:18 AM,25,25,0,0.000789,52.8,0.311918,42.5,,3.297851,0.0044276,1_01,,1792
E322,5/27/2025,9:41:28 AM,25,25,0,0.000546,49.69082813,0.001027,25.11,,3.297636,0.0045046,1_02,,-197.87
E323,5/27/2025,9:41:38 AM,25,25,0,0.000438,49.48926563,0.000684,25.06,,3.298133,0.0043979,1_03,,-326.87
E324,5/27/2025,9:41:48 AM,25,25,0,-0.000488,49.61875,0.001188,25.03,,3.298573,0.0043762,1_04,,-244
E325,5/27/2025,9:41:58 AM,25,25,0,0.000184,49.74570313,0.000535,25.02,,3.297828,0.0044957,1_05,,-162.75
E326,5/27/2025,9:42:08 AM,25,25,0,-0.000351,49.92578125,0.001306,25.01,,3.298336,0.0044442,1_06,,-47.5
E327,5/27/2025,9:42:18 AM,25,25,0,0.002176,49.72890625,0.001038,25.05,,3.298167,0.004432,1_07,,-173.5
E329,5/27/2025,9:42:38 AM,25,25,0,0.000143,49.788875,0.000819,24.96,,3.168759,0.0044101,1_09,,-135.12
E330,5/27/2025,9:42:48 AM,25,25,0,0.000534,49.72442188,0.001303,25.12,,3.298641,0.0043609,1_10,,-176.37
E331,5/27/2025,9:42:58 AM,25,25.1,0,0.001105,49.82226563,-0.000642,25.01,,3.297648,0.0044469,2_01,,-113.75
E333,5/27/2025,9:43:18 AM,25,25,0,0.000487,49.7390625,0.000465,25.07,,3.298302,0.0043474,2_03,,-167
E334,5/27/2025,9:43:48 AM,25,25,0,0.002809,72.4,-0.000671,79.46,,3.297704,0.0044695,2_04,,14336
E335,5/27/2025,9:43:58 AM,25,25,0,0.001106,49.89453125,0.000266,25.06,,3.297027,0.0044915,2_05,,-67.5
E336,5/27/2025,9:44:08 AM,25,25,0,0.000345,49.62090625,-0.000262,25.17,,3.297727,0.0044759,2_06,,-242.62
E337,5/27/2025,9:44:18 AM,25,25,0,-0.000042,49.71953125,0.00047,25.03,,3.297603,0.0044574,2_07,,-179.5
E338,5/27/2025,9:44:28 AM,25,25,0,0.000105,49.8734375,0.002458,25.08,,3.298483,0.0043986,2_08,,-81
E339,5/27/2025,9:44:38 AM,25,25,0,0.001211,49.82304688,0.001828,25.04,,3.298099,0.0044241,2_09,,-113.25
E340,5/27/2025,9:44:48 AM,25,24.9,0,-0.000501,49.6779375,0.001171,25.01,,3.296971,0.0044054,2_10,,-206.12
E341,5/27/2025,9:44:58 AM,25,24.9,0,0.000054,49.676375,0.003622,25.06,,3.298201,0.0044487,3_01,,-207.12
E342,5/27/2025,9:45:08 AM,25,25,0,0.000188,49.80684375,0.003395,25.03,,3.298415,0.0044482,3_02,,-123.62
E343,5/27/2025,9:45:18 AM,25,25,0,0.001707,49.82559375,0.00334,25.03,,3.298381,0.0044631,3_03,,-111.62
E344,5/27/2025,9:45:28 AM,25,25,0,0.000206,49.492,0.001786,25.01,,3.298246,0.0044372,3_04,,-325.12
E345,5/27/2025,9:45:38 AM,25,25,0,0.000302,49.70351563,0.00022,25.03,,3.298517,0.0044246,3_05,,-189.75
E346,5/27/2025,9:45:48 AM,25,25,0,0.000619,49.73945313,0.000752,24.62,,3.143006,0.027902,3_06,,-166.75
E347,5/27/2025,9:45:58 AM,25,25,0,0.00066,49.6966875,-0.000088,24.99,,3.29784,0.0044764,3_07,,-194.12
E348,5/27/2025,9:46:08 AM,25,25,0,-0.000286,49.542,0.000393,24.98,,3.298539,0.0044479,3_08,,-293.12
E349,5/27/2025,9:46:18 AM,25,25,0,0.000659,49.92598438,0.001264,25.02,,3.299092,0.0043564,3_09,,-47.37
E350,5/27/2025,9:46:28 AM,25,24.9,0,0.000207,49.61601563,0.001388,25.06,,3.297704,0.0044588,3_10,,-245.75
E351,5/27/2025,9:46:38 AM,25,24.9,0,0.000052,49.60176563,0.005619,25.04,,3.297445,0.0044489,4_01,,-254.87
E352,5/27/2025,9:46:48 AM,25,25,0,-0.000687,49.90332813,0.000695,25.06,,3.297998,0.0044972,4_02,,-61.87
E353,5/27/2025,9:46:58 AM,25,25,0,-0.000323,49.72070313,0.004473,25.12,,3.298472,0.004397,4_03,,-178.75
E354,5/27/2025,9:47:08 AM,25,25,0,-0.000714,49.7045,0.001857,25.52,,3.298539,0.0044073,4_04,,-189.12
E355,5/27/2025,9:47:18 AM,25,25,0,0.00233,50.1640625,0.001507,25.1,,3.298957,0.0043481,4_05,,105
E356,5/27/2025,9:47:28 AM,25,25,0,0.001393,49.76757813,0.000878,25.05,,3.298246,0.0044553,4_06,,-148.75
E321,5/27/2025,9:48:34 AM,25,25,-1.25,-1.251624,52.8,0.306785,42.5,,3.298065,0.0043825,1_01,,1792
E322,5/27/2025,9:48:44 AM,25,25,-1.25,-1.250026,9.656453125,0.00128,25.04,,3.29846,0.0044594,1_02,,-25819.87
E323,5/27/2025,9:48:54 AM,25,25,-1.25,-1.248037,9.587109375,0.001304,25.02,,3.29872,0.0043524,1_03,,-25864.25
E324,5/27/2025,9:49:04 AM,25,25,-1.25,-1.249251,9.670703125,0.000961,24.97,,3.299352,0.0043281,1_04,,-25810.75
E325,5/27/2025,9:49:14 AM,25,25,-1.25,-1.247514,9.65,0.000993,24.95,,3.298472,0.0044472,1_05,,-25824
E326,5/27/2025,9:49:24 AM,25,25,-1.25,-1.248087,9.882421875,0.000831,24.95,,3.298799,0.0043965,1_06,,-25675.25
E327,5/27/2025,9:49:34 AM,25,25,-1.25,-1.249745,9.8123125,0.001948,24.98,,3.298765,0.0043784,1_07,,-25720.12
E329,5/27/2025,9:49:54 AM,25,25,-1.25,-1.251042,9.6623125,0.000895,24.89,,3.167946,0.0043588,1_09,,-25816.12
E330,5/27/2025,9:50:04 AM,25,25,-1.25,-1.249714,9.8203125,0.000671,25.05,,3.299104,0.0043191,1_10,,-25715
E331,5/27/2025,9:50:14 AM,25,25,-1.25,-1.24854,9.6123125,-0.000204,24.92,,3.298201,0.0043955,2_01,,-25848.12
E333,5/27/2025,9:50:34 AM,25,25,-1.25,-1.249053,9.87559375,0.000055,25.01,,3.298032,0.0043032,2_03,,-25679.62
E334,5/27/2025,9:50:44 AM,25,25,-1.25,-1.25016,9.79765625,0.000247,24.92,,3.298189,0.0044026,2_04,,-25729.5
E335,5/27/2025,9:50:54 AM,25,25,-1.25,-1.249838,9.676171875,0.000628,24.95,,3.297614,0.0044398,2_05,,-25807.25
E336,5/27/2025,9:51:04 AM,25,25.1,-1.25,-1.249757,9.590234375,-0.000375,25.11,,3.298505,0.0044271,2_06,,-25862.25
E337,5/27/2025,9:51:14 AM,25,25.1,-1.25,-1.249284,9.7154375,0.000202,24.95,,3.297546,0.0044073,2_07,,-25782.12
E338,5/27/2025,9:51:24 AM,25,25,-1.25,-1.248078,10.08945313,0.002421,25.02,,3.298584,0.004352,2_08,,-25542.75
E339,5/27/2025,9:51:34 AM,25,25,-1.25,-1.251109,9.956640625,0.001841,24.98,,3.298607,0.0043775,2_09,,-25627.75
E340,5/27/2025,9:51:44 AM,25,25,-1.25,-1.247118,9.851765625,0.001169,24.95,,3.297693,0.0043623,2_10,,-25694.87
E341,5/27/2025,9:51:54 AM,25,25,-1.25,-1.251112,9.673828125,0.003076,24.99,,3.298912,0.0044012,3_01,,-25808.75
E342,5/27/2025,9:52:04 AM,25,25,-1.25,-1.247921,9.797859375,0.002533,24.95,,3.298573,0.0043979,3_02,,-25729.37
E343,5/27/2025,9:52:14 AM,25,24.9,-1.25,-1.250501,9.83575,0.003034,24.96,,3.298483,0.0044168,3_03,,-25705.12
E344,5/27/2025,9:52:24 AM,25,24.9,-1.25,-1.248433,9.673828125,0.001275,24.95,,3.298833,0.0043892,3_04,,-25808.75
E345,5/27/2025,9:52:34 AM,25,24.9,-1.25,-1.248693,9.96953125,-0.000042,24.96,,3.298235,0.0043812,3_05,,-25619.5
E346,5/27/2025,9:52:44 AM,25,24.9,-1.25,-1.249819,9.70059375,0.000411,24.58,,3.140647,0.0278336,3_06,,-25791.62
E347,5/27/2025,9:52:54 AM,25,25,-1.25,-1.248864,9.6171875,0.000382,24.93,,3.297275,0.0044276,3_07,,-25845
E348,5/27/2025,9:53:03 AM,25,25,-1.25,-1.24864,9.823828125,0.00026,24.93,,3.29863,0.0044001,3_08,,-25712.75
E349,5/27/2025,9:53:13 AM,25,25,-1.25,-1.248126,9.97090625,0.000735,24.97,,3.298539,0.0043126,3_09,,-25618.62
E350,5/27/2025,9:53:23 AM,25,25,-1.25,-1.249895,9.76621875,0.001017,25,,3.298235,0.0044097,3_10,,-25749.62
E351,5/27/2025,9:53:33 AM,25,25,-1.25,-1.249016,9.67715625,0.006312,24.99,,3.297445,0.0043956,4_01,,-25806.62
E352,5/27/2025,9:53:43 AM,25,25,-1.25,-1.249757,9.84434375,0.001273,25.01,,3.298302,0.0044462,4_02,,-25699.62
E353,5/27/2025,9:53:53 AM,25,25,-1.25,-1.250078,9.7123125,0.004919,25.06,,3.298821,0.0043492,4_03,,-25784.12
E354,5/27/2025,9:54:03 AM,25,25,-1.25,-1.250142,9.60625,0.001319,25.46,,3.298946,0.004362,4_04,,-25852
E355,5/27/2025,9:54:13 AM,25,25,-1.25,-1.25091,9.927734375,0.00125,25.04,,3.299284,0.0043078,4_05,,-25646.25
E356,5/27/2025,9:54:23 AM,25,25,-1.25,-1.249244,9.676953125,0.001124,25,,3.29802,0.004408,4_06,,-25806.75
